loan_id,origination_date,segment,principal_usd,annual_rate,term_months,monthly_payment_usd
SYN-000001,2025-01-31,Scenario C,99250.0000000000,0.1800000000,48,2915.4687111101
SYN-000002,2024-09-30,Scenario A,23500.0000000000,0.1800000000,48,690.3124907918
SYN-000003,2024-08-31,Scenario A,18500.0000000000,0.1800000000,36,668.8193174145
SYN-000004,2024-08-31,Scenario A,49000.0000000000,0.1800000000,60,1244.2779439283
SYN-000005,2024-12-31,Scenario C,55250.0000000000,0.1800000000,36,1997.4198533594
SYN-000006,2025-12-31,Scenario B,61000.0000000000,0.1800000000,36,2205.2961276909
SYN-000007,2026-01-31,Scenario A,60500.0000000000,0.0000000000,60,1008.3333333333
SYN-000008,2024-11-30,Scenario C,67750.0000000000,0.0600000000,36,2061.0862623429
SYN-000009,2026-02-28,Scenario A,75500.0000000000,0.1800000000,48,2217.8124704162
SYN-000010,2025-08-31,Scenario A,85500.0000000000,0.1200000000,48,2251.5429294298
SYN-000011,2024-12-31,Scenario B,21750.0000000000,0.1200000000,48,572.7609206444
SYN-000012,2025-11-30,Scenario A,81250.0000000000,0.1200000000,48,2139.6241288441
SYN-000013,2025-07-31,Scenario B,80250.0000000000,0.1800000000,36,2901.2297417573
SYN-000014,2026-02-28,Scenario A,12000.0000000000,0.0000000000,60,200.0000000000
SYN-000015,2025-11-30,Scenario B,96500.0000000000,0.0600000000,48,2266.3053031258
SYN-000016,2024-11-30,Scenario A,99000.0000000000,0.0600000000,60,1913.9473514134
SYN-000017,2025-02-28,Scenario A,81000.0000000000,0.0600000000,60,1565.9569238837
SYN-000018,2025-03-31,Scenario B,61500.0000000000,0.0000000000,36,1708.3333333333
SYN-000019,2025-07-31,Scenario C,100000.0000000000,0.1200000000,48,2633.3835431928
SYN-000020,2025-12-31,Scenario A,40750.0000000000,0.0600000000,36,1239.6939511509
SYN-000021,2024-09-30,Scenario B,72750.0000000000,0.0600000000,48,1708.5358632373
SYN-000022,2025-12-31,Scenario C,69750.0000000000,0.0000000000,36,1937.5000000000
SYN-000023,2025-05-31,Scenario B,74250.0000000000,0.0000000000,60,1237.5000000000
SYN-000024,2025-01-31,Scenario C,51250.0000000000,0.0600000000,36,1559.1242943922
SYN-000025,2025-08-31,Scenario C,67250.0000000000,0.0600000000,36,2045.8752936171
SYN-000026,2025-03-31,Scenario C,40500.0000000000,0.1200000000,36,1345.1795474205
SYN-000027,2025-08-31,Scenario C,44000.0000000000,0.0600000000,48,1033.3412781092
SYN-000028,2024-10-31,Scenario C,58500.0000000000,0.0600000000,36,1779.6833409160
SYN-000029,2024-08-31,Scenario B,41250.0000000000,0.0000000000,48,859.3750000000
SYN-000030,2025-01-31,Scenario C,74500.0000000000,0.0000000000,36,2069.4444444444
SYN-000031,2025-10-31,Scenario A,45000.0000000000,0.0600000000,60,869.9760688243
SYN-000032,2025-04-30,Scenario A,49750.0000000000,0.1200000000,36,1652.4119131893
SYN-000033,2025-10-31,Scenario B,43250.0000000000,0.0600000000,36,1315.7487947798
SYN-000034,2024-12-31,Scenario A,34750.0000000000,0.1200000000,36,1154.1972659966
SYN-000035,2024-11-30,Scenario C,40500.0000000000,0.0600000000,60,782.9784619418
SYN-000036,2025-07-31,Scenario A,36500.0000000000,0.0600000000,36,1110.4007169818
SYN-000037,2025-05-31,Scenario A,72500.0000000000,0.0000000000,60,1208.3333333333
SYN-000038,2026-01-31,Scenario B,58000.0000000000,0.0600000000,48,1362.1316847803
SYN-000039,2024-12-31,Scenario C,19750.0000000000,0.0000000000,36,548.6111111111
SYN-000040,2025-04-30,Scenario A,33250.0000000000,0.1200000000,36,1104.3758012773
SYN-000041,2024-10-31,Scenario B,16500.0000000000,0.0000000000,36,458.3333333333
SYN-000042,2025-04-30,Scenario B,56500.0000000000,0.1800000000,60,1434.7286496317
SYN-000043,2025-07-31,Scenario A,44500.0000000000,0.1200000000,48,1171.8556767208
SYN-000044,2025-01-31,Scenario B,55250.0000000000,0.0600000000,36,1680.8120441984
SYN-000045,2024-12-31,Scenario B,84250.0000000000,0.1200000000,48,2218.6256351399
SYN-000046,2025-01-31,Scenario C,25500.0000000000,0.1200000000,36,846.9649002277
SYN-000047,2025-04-30,Scenario B,68500.0000000000,0.1800000000,36,2476.4390942103
SYN-000048,2025-07-31,Scenario B,96500.0000000000,0.1200000000,36,3205.1808969401
SYN-000049,2025-02-28,Scenario A,24250.0000000000,0.1800000000,48,712.3437404979
SYN-000050,2024-11-30,Scenario B,76000.0000000000,0.1800000000,36,2747.5820607297
SYN-000051,2024-10-31,Scenario A,63500.0000000000,0.0000000000,48,1322.9166666667
SYN-000052,2025-04-30,Scenario A,24500.0000000000,0.0600000000,60,473.6536374710
SYN-000053,2025-09-30,Scenario B,99000.0000000000,0.0000000000,36,2750.0000000000
SYN-000054,2025-05-31,Scenario B,74250.0000000000,0.0600000000,48,1743.7634068092
SYN-000055,2025-03-31,Scenario C,48250.0000000000,0.0600000000,48,1133.1526515629
SYN-000056,2025-01-31,Scenario A,11500.0000000000,0.0000000000,48,239.5833333333
SYN-000057,2025-02-28,Scenario B,68250.0000000000,0.1800000000,48,2004.8437232571
SYN-000058,2024-10-31,Scenario A,95500.0000000000,0.0000000000,36,2652.7777777778
SYN-000059,2025-04-30,Scenario A,22000.0000000000,0.0600000000,36,669.2826239342
SYN-000060,2025-07-31,Scenario B,53000.0000000000,0.1800000000,60,1345.8516536368
SYN-000061,2025-02-28,Scenario B,12750.0000000000,0.1800000000,48,374.5312450041
SYN-000062,2025-08-31,Scenario A,91750.0000000000,0.1200000000,60,2040.9280750897
SYN-000063,2024-08-31,Scenario B,21000.0000000000,0.0000000000,48,437.5000000000
SYN-000064,2025-04-30,Scenario C,17750.0000000000,0.1200000000,48,467.4255789167
SYN-000065,2025-11-30,Scenario B,57500.0000000000,0.0600000000,36,1749.2614034644
SYN-000066,2025-04-30,Scenario C,28750.0000000000,0.0600000000,60,555.8180439711
SYN-000067,2025-08-31,Scenario A,77000.0000000000,0.1200000000,60,1712.8224717374
SYN-000068,2025-09-30,Scenario B,22750.0000000000,0.1200000000,36,755.6255482424
SYN-000069,2025-01-31,Scenario B,48000.0000000000,0.1200000000,48,1264.0241007325
SYN-000070,2025-11-30,Scenario C,16500.0000000000,0.0000000000,36,458.3333333333
SYN-000071,2025-11-30,Scenario C,49500.0000000000,0.0600000000,48,1162.5089378728
SYN-000072,2025-04-30,Scenario A,21250.0000000000,0.1200000000,36,705.8040835231
SYN-000073,2025-06-30,Scenario A,50500.0000000000,0.0600000000,36,1536.3078413035
SYN-000074,2025-08-31,Scenario B,33750.0000000000,0.0600000000,36,1026.7403889900
SYN-000075,2024-08-31,Scenario B,24250.0000000000,0.0600000000,48,569.5119544124
SYN-000076,2024-09-30,Scenario B,47250.0000000000,0.1800000000,48,1387.9687314857
SYN-000077,2025-11-30,Scenario B,97750.0000000000,0.0000000000,60,1629.1666666667
SYN-000078,2024-11-30,Scenario B,37250.0000000000,0.0000000000,60,620.8333333333
SYN-000079,2024-10-31,Scenario A,94750.0000000000,0.0600000000,36,2882.4785735348
SYN-000080,2024-09-30,Scenario B,89000.0000000000,0.1200000000,36,2956.0735733438
SYN-000081,2025-07-31,Scenario C,36750.0000000000,0.1200000000,36,1220.6258856223
SYN-000082,2024-08-31,Scenario C,82000.0000000000,0.1800000000,48,2408.7499678693
SYN-000083,2026-02-28,Scenario B,19750.0000000000,0.0600000000,48,463.8293236967
SYN-000084,2025-11-30,Scenario B,84250.0000000000,0.0000000000,60,1404.1666666667
SYN-000085,2026-01-31,Scenario B,91000.0000000000,0.1200000000,60,2024.2447393261
SYN-000086,2025-10-31,Scenario B,21750.0000000000,0.0600000000,48,510.7993817926
SYN-000087,2025-06-30,Scenario B,75250.0000000000,0.0600000000,36,2289.2507932295
SYN-000088,2025-02-28,Scenario B,65250.0000000000,0.0600000000,48,1532.3981453778
SYN-000089,2025-07-31,Scenario A,43000.0000000000,0.1800000000,48,1263.1249831510
SYN-000090,2025-01-31,Scenario A,51500.0000000000,0.0000000000,60,858.3333333333
SYN-000091,2024-08-31,Scenario A,50500.0000000000,0.0600000000,48,1185.9939669207
SYN-000092,2025-03-31,Scenario A,30000.0000000000,0.1200000000,36,996.4292943855
SYN-000093,2024-12-31,Scenario A,41500.0000000000,0.0000000000,60,691.6666666667
SYN-000094,2025-07-31,Scenario B,65500.0000000000,0.1800000000,60,1663.2694964756
SYN-000095,2025-10-31,Scenario B,52750.0000000000,0.1800000000,48,1549.5312293306
SYN-000096,2024-10-31,Scenario A,38000.0000000000,0.0600000000,48,892.4311038216
SYN-000097,2025-05-31,Scenario A,25750.0000000000,0.1800000000,36,930.9241850499
SYN-000098,2025-11-30,Scenario A,91250.0000000000,0.0600000000,36,2776.0017924544
SYN-000099,2025-04-30,Scenario A,9000.0000000000,0.1200000000,36,298.9287883157
SYN-000100,2025-08-31,Scenario A,85250.0000000000,0.0000000000,48,1776.0416666667
SYN-000101,2024-10-31,Scenario A,20750.0000000000,0.1200000000,48,546.4270852125
SYN-000102,2025-06-30,Scenario C,80000.0000000000,0.0000000000,60,1333.3333333333
SYN-000103,2025-09-30,Scenario A,10250.0000000000,0.1800000000,36,370.5620542431
SYN-000104,2025-02-28,Scenario C,87000.0000000000,0.1800000000,36,3145.2584116248
SYN-000105,2024-08-31,Scenario A,99250.0000000000,0.1200000000,36,3296.5202489255
SYN-000106,2026-01-31,Scenario C,83000.0000000000,0.1200000000,48,2185.7083408500
SYN-000107,2025-10-31,Scenario B,41000.0000000000,0.1200000000,36,1361.7867023269
SYN-000108,2024-11-30,Scenario B,89250.0000000000,0.1800000000,48,2621.7187150285
SYN-000109,2024-11-30,Scenario B,73750.0000000000,0.1800000000,60,1872.7652727493
SYN-000110,2025-11-30,Scenario A,60000.0000000000,0.1800000000,60,1523.6056456265
SYN-000111,2025-03-31,Scenario C,93250.0000000000,0.1200000000,60,2074.2947466171
SYN-000112,2026-02-28,Scenario B,75250.0000000000,0.1800000000,48,2210.4687205142
SYN-000113,2025-04-30,Scenario B,18000.0000000000,0.1200000000,36,597.8575766313
SYN-000114,2026-02-28,Scenario C,40500.0000000000,0.0000000000,48,843.7500000000
SYN-000115,2024-08-31,Scenario A,47000.0000000000,0.0000000000,48,979.1666666667
SYN-000116,2025-09-30,Scenario A,30500.0000000000,0.0000000000,48,635.4166666667
SYN-000117,2025-12-31,Scenario A,92750.0000000000,0.1200000000,60,2063.1725227746
SYN-000118,2025-12-31,Scenario A,26000.0000000000,0.1800000000,36,939.9622839338
SYN-000119,2025-12-31,Scenario A,5750.0000000000,0.0000000000,48,119.7916666667
SYN-000120,2025-02-28,Scenario B,87000.0000000000,0.0000000000,36,2416.6666666667
SYN-000121,2025-06-30,Scenario A,83500.0000000000,0.1800000000,48,2452.8124672815
SYN-000122,2025-06-30,Scenario B,47000.0000000000,0.1800000000,60,1193.4910890741
SYN-000123,2025-04-30,Scenario C,66750.0000000000,0.0000000000,36,1854.1666666667
SYN-000124,2024-09-30,Scenario A,34500.0000000000,0.1200000000,60,767.4334451291
SYN-000125,2025-02-28,Scenario C,54750.0000000000,0.0600000000,36,1665.6010754726
SYN-000126,2025-05-31,Scenario C,6500.0000000000,0.0600000000,36,197.7425934351
SYN-000127,2025-10-31,Scenario C,57500.0000000000,0.1800000000,60,1460.1220770588
SYN-000128,2024-12-31,Scenario A,41750.0000000000,0.1200000000,36,1386.6974346865
SYN-000129,2025-11-30,Scenario B,20500.0000000000,0.0600000000,60,396.3224313533
SYN-000130,2024-09-30,Scenario A,81750.0000000000,0.0000000000,36,2270.8333333333
SYN-000131,2024-08-31,Scenario A,42000.0000000000,0.0600000000,36,1277.7213729653
SYN-000132,2025-02-28,Scenario C,16500.0000000000,0.0000000000,48,343.7500000000
SYN-000133,2025-01-31,Scenario A,62000.0000000000,0.0000000000,60,1033.3333333333
SYN-000134,2025-07-31,Scenario B,14500.0000000000,0.1800000000,48,425.9374943184
SYN-000135,2025-11-30,Scenario A,33750.0000000000,0.0600000000,36,1026.7403889900
SYN-000136,2024-08-31,Scenario C,21500.0000000000,0.1200000000,60,478.2556252254
SYN-000137,2025-02-28,Scenario A,34250.0000000000,0.0000000000,36,951.3888888889
SYN-000138,2025-03-31,Scenario B,27750.0000000000,0.1200000000,60,617.2834232560
SYN-000139,2026-02-28,Scenario B,51750.0000000000,0.1200000000,60,1151.1501676937
SYN-000140,2026-02-28,Scenario B,58000.0000000000,0.1800000000,60,1472.8187907723
SYN-000141,2026-01-31,Scenario C,36000.0000000000,0.0000000000,60,600.0000000000
SYN-000142,2025-11-30,Scenario A,75750.0000000000,0.0000000000,60,1262.5000000000
SYN-000143,2025-10-31,Scenario B,32000.0000000000,0.1800000000,48,939.9999874612
SYN-000144,2025-10-31,Scenario B,11250.0000000000,0.0600000000,36,342.2467963300
SYN-000145,2025-09-30,Scenario C,30250.0000000000,0.1200000000,60,672.8945424683
SYN-000146,2026-01-31,Scenario B,18000.0000000000,0.0600000000,60,347.9904275297
SYN-000147,2024-10-31,Scenario C,5000.0000000000,0.1800000000,60,126.9671371355
SYN-000148,2025-04-30,Scenario A,72500.0000000000,0.1800000000,48,2129.6874715918
SYN-000149,2025-02-28,Scenario B,11750.0000000000,0.1200000000,48,309.4225663252
SYN-000150,2024-10-31,Scenario A,69750.0000000000,0.0000000000,36,1937.5000000000
SYN-000151,2026-01-31,Scenario A,31250.0000000000,0.1200000000,48,822.9323572477
SYN-000152,2025-09-30,Scenario B,40250.0000000000,0.1800000000,36,1455.1339203207
SYN-000153,2025-08-31,Scenario B,9500.0000000000,0.1800000000,48,279.0624962775
SYN-000154,2024-09-30,Scenario A,42000.0000000000,0.1800000000,60,1066.5239519386
SYN-000155,2025-05-31,Scenario B,69500.0000000000,0.1800000000,48,2041.5624727673
SYN-000156,2024-08-31,Scenario B,55250.0000000000,0.1800000000,48,1622.9687283510
SYN-000157,2024-11-30,Scenario A,88500.0000000000,0.0600000000,36,2692.3414644626
SYN-000158,2024-11-30,Scenario C,29000.0000000000,0.1800000000,48,851.8749886367
SYN-000159,2025-05-31,Scenario A,35250.0000000000,0.1800000000,60,895.1183168056
SYN-000160,2025-11-30,Scenario A,35750.0000000000,0.1800000000,60,907.8150305192
SYN-000161,2026-01-31,Scenario B,68750.0000000000,0.0600000000,48,1614.5957470456
SYN-000162,2024-09-30,Scenario B,87250.0000000000,0.1800000000,48,2562.9687158122
SYN-000163,2025-03-31,Scenario B,19250.0000000000,0.1200000000,36,639.3754638974
SYN-000164,2026-01-31,Scenario B,31000.0000000000,0.1200000000,60,689.5778782320
SYN-000165,2025-01-31,Scenario C,96750.0000000000,0.0600000000,36,2943.3224484380
SYN-000166,2024-08-31,Scenario A,9250.0000000000,0.1800000000,60,234.8892037008
SYN-000167,2024-10-31,Scenario B,25500.0000000000,0.0000000000,60,425.0000000000
SYN-000168,2025-05-31,Scenario A,17250.0000000000,0.0600000000,48,405.1167510769
SYN-000169,2024-10-31,Scenario A,64250.0000000000,0.1200000000,60,1429.2057637549
SYN-000170,2025-03-31,Scenario C,95750.0000000000,0.1800000000,60,2431.4206761457
SYN-000171,2025-08-31,Scenario C,23750.0000000000,0.1800000000,48,697.6562406939
SYN-000172,2025-08-31,Scenario A,72500.0000000000,0.1800000000,36,2621.0486763540
SYN-000173,2025-09-30,Scenario B,11250.0000000000,0.1800000000,36,406.7144497791
SYN-000174,2024-12-31,Scenario A,71500.0000000000,0.0600000000,60,1382.2953093541
SYN-000175,2025-05-31,Scenario B,81500.0000000000,0.1200000000,36,2706.9662497474
SYN-000176,2026-01-31,Scenario B,72500.0000000000,0.1200000000,36,2408.0374614317
SYN-000177,2025-06-30,Scenario C,81750.0000000000,0.0000000000,36,2270.8333333333
SYN-000178,2024-10-31,Scenario B,26500.0000000000,0.1800000000,60,672.9258268184
SYN-000179,2024-10-31,Scenario A,38750.0000000000,0.0000000000,60,645.8333333333
SYN-000180,2025-12-31,Scenario A,53000.0000000000,0.1800000000,60,1345.8516536368
SYN-000181,2025-02-28,Scenario A,12250.0000000000,0.1800000000,48,359.8437452000
SYN-000182,2025-03-31,Scenario C,8250.0000000000,0.0600000000,48,193.7514896455
SYN-000183,2024-11-30,Scenario C,73000.0000000000,0.0000000000,36,2027.7777777778
SYN-000184,2025-12-31,Scenario A,93750.0000000000,0.0600000000,48,2201.7214732440
SYN-000185,2024-12-31,Scenario A,99000.0000000000,0.0000000000,36,2750.0000000000
SYN-000186,2024-10-31,Scenario B,100000.0000000000,0.0600000000,48,2348.5029047936
SYN-000187,2024-08-31,Scenario C,35750.0000000000,0.1200000000,60,795.2390047352
SYN-000188,2025-08-31,Scenario A,6250.0000000000,0.1200000000,48,164.5864714495
SYN-000189,2025-11-30,Scenario C,71250.0000000000,0.0000000000,48,1484.3750000000
SYN-000190,2024-09-30,Scenario A,19000.0000000000,0.1800000000,60,482.4751211151
SYN-000191,2025-12-31,Scenario A,55750.0000000000,0.1800000000,60,1415.6835790613
SYN-000192,2025-04-30,Scenario A,39250.0000000000,0.0000000000,48,817.7083333333
SYN-000193,2024-08-31,Scenario A,28750.0000000000,0.1200000000,60,639.5278709409
SYN-000194,2025-02-28,Scenario B,9000.0000000000,0.1200000000,48,237.0045188873
SYN-000195,2026-02-28,Scenario B,23250.0000000000,0.0600000000,48,546.0269253645
SYN-000196,2025-09-30,Scenario C,21250.0000000000,0.0000000000,48,442.7083333333
SYN-000197,2024-10-31,Scenario B,14000.0000000000,0.0600000000,60,270.6592214120
SYN-000198,2025-04-30,Scenario A,30500.0000000000,0.0000000000,48,635.4166666667
SYN-000199,2024-10-31,Scenario A,57000.0000000000,0.0000000000,48,1187.5000000000
SYN-000200,2026-02-28,Scenario A,51500.0000000000,0.1800000000,36,1861.8483700997
SYN-000201,2025-09-30,Scenario A,61250.0000000000,0.1800000000,48,1799.2187259999
SYN-000202,2025-10-31,Scenario B,80000.0000000000,0.1200000000,48,2106.7068345542
SYN-000203,2025-09-30,Scenario B,45250.0000000000,0.0000000000,60,754.1666666667
SYN-000204,2025-03-31,Scenario A,70000.0000000000,0.0600000000,36,2129.5356216089
SYN-000205,2024-12-31,Scenario A,71250.0000000000,0.1200000000,36,2366.5195741656
SYN-000206,2025-07-31,Scenario C,63250.0000000000,0.0000000000,36,1756.9444444444
SYN-000207,2025-05-31,Scenario A,73500.0000000000,0.0000000000,60,1225.0000000000
SYN-000208,2024-08-31,Scenario A,65500.0000000000,0.0000000000,36,1819.4444444444
SYN-000209,2025-12-31,Scenario B,67000.0000000000,0.1800000000,48,1968.1249737469
SYN-000210,2025-11-30,Scenario B,81750.0000000000,0.1800000000,60,2075.9126921662
SYN-000211,2025-01-31,Scenario A,54500.0000000000,0.0000000000,60,908.3333333333
SYN-000212,2025-12-31,Scenario A,59750.0000000000,0.0000000000,48,1244.7916666667
SYN-000213,2025-08-31,Scenario A,91500.0000000000,0.1200000000,48,2409.5459420214
SYN-000214,2025-12-31,Scenario C,74250.0000000000,0.1800000000,36,2684.3153685418
SYN-000215,2026-01-31,Scenario C,17250.0000000000,0.0000000000,60,287.5000000000
SYN-000216,2025-12-31,Scenario A,63000.0000000000,0.0600000000,36,1916.5820594480
SYN-000217,2025-08-31,Scenario A,22750.0000000000,0.0600000000,60,439.8212347945
SYN-000218,2025-04-30,Scenario A,6500.0000000000,0.0600000000,60,125.6632099413
SYN-000219,2024-10-31,Scenario B,92500.0000000000,0.0600000000,48,2172.3651869340
SYN-000220,2024-10-31,Scenario B,29500.0000000000,0.0000000000,60,491.6666666667
SYN-000221,2025-08-31,Scenario B,97000.0000000000,0.0000000000,48,2020.8333333333
SYN-000222,2024-12-31,Scenario B,52000.0000000000,0.1200000000,60,1156.7112796149
SYN-000223,2025-01-31,Scenario A,58000.0000000000,0.1200000000,60,1290.1779657243
SYN-000224,2025-08-31,Scenario A,81250.0000000000,0.0000000000,60,1354.1666666667
SYN-000225,2025-04-30,Scenario A,51000.0000000000,0.1200000000,36,1693.9298004554
SYN-000226,2024-11-30,Scenario A,29250.0000000000,0.1800000000,36,1057.4575694256
SYN-000227,2025-02-28,Scenario A,19000.0000000000,0.1800000000,48,558.1249925551
SYN-000228,2025-10-31,Scenario B,61250.0000000000,0.0600000000,48,1438.4580291861
SYN-000229,2025-06-30,Scenario A,31500.0000000000,0.1200000000,60,700.7001020744
SYN-000230,2024-12-31,Scenario A,72500.0000000000,0.1800000000,48,2129.6874715918
SYN-000231,2026-02-28,Scenario A,67000.0000000000,0.0000000000,48,1395.8333333333
SYN-000232,2025-10-31,Scenario B,11250.0000000000,0.1800000000,60,285.6760585550
SYN-000233,2025-10-31,Scenario A,20000.0000000000,0.0000000000,36,555.5555555556
SYN-000234,2025-09-30,Scenario A,95250.0000000000,0.1200000000,48,2508.2978248911
SYN-000235,2025-12-31,Scenario A,85000.0000000000,0.1800000000,60,2158.4413313043
SYN-000236,2024-12-31,Scenario B,92750.0000000000,0.0600000000,60,1793.1173418544
SYN-000237,2025-01-31,Scenario B,45750.0000000000,0.0600000000,48,1074.4400789431
SYN-000238,2024-08-31,Scenario B,89250.0000000000,0.0600000000,48,2096.0388425283
SYN-000239,2026-02-28,Scenario C,56000.0000000000,0.1800000000,36,2024.5341500113
SYN-000240,2024-08-31,Scenario A,65750.0000000000,0.1800000000,60,1669.6178533324
SYN-000241,2025-08-31,Scenario A,97750.0000000000,0.0000000000,60,1629.1666666667
SYN-000242,2025-01-31,Scenario A,46250.0000000000,0.1200000000,60,1028.8057054267
SYN-000243,2025-05-31,Scenario C,30250.0000000000,0.0600000000,48,710.4221287001
SYN-000244,2026-01-31,Scenario A,19750.0000000000,0.1200000000,36,655.9826188038
SYN-000245,2025-10-31,Scenario A,76000.0000000000,0.1800000000,36,2747.5820607297
SYN-000246,2025-08-31,Scenario C,88500.0000000000,0.1200000000,60,1968.6336201138
SYN-000247,2024-09-30,Scenario C,6750.0000000000,0.0000000000,36,187.5000000000
SYN-000248,2025-12-31,Scenario A,79750.0000000000,0.1800000000,48,2342.6562187509
SYN-000249,2025-09-30,Scenario B,81250.0000000000,0.1200000000,36,2698.6626722942
SYN-000250,2024-10-31,Scenario C,97250.0000000000,0.0000000000,48,2026.0416666667
SYN-000251,2024-12-31,Scenario A,7750.0000000000,0.1200000000,60,172.3944695580
SYN-000252,2026-02-28,Scenario C,13250.0000000000,0.1200000000,36,440.0896050203
SYN-000253,2025-10-31,Scenario B,18500.0000000000,0.0000000000,36,513.8888888889
SYN-000254,2025-06-30,Scenario C,61500.0000000000,0.0600000000,60,1188.9672940598
SYN-000255,2025-02-28,Scenario A,21000.0000000000,0.0600000000,36,638.8606864827
SYN-000256,2025-12-31,Scenario B,5250.0000000000,0.0000000000,60,87.5000000000
SYN-000257,2024-11-30,Scenario A,94000.0000000000,0.1200000000,48,2475.3805306012
SYN-000258,2024-09-30,Scenario B,92750.0000000000,0.1200000000,36,3080.6272351419
SYN-000259,2026-02-28,Scenario B,47750.0000000000,0.1800000000,48,1402.6562312897
SYN-000260,2025-01-31,Scenario A,60000.0000000000,0.1200000000,48,1580.0301259157
SYN-000261,2024-10-31,Scenario B,78000.0000000000,0.0000000000,48,1625.0000000000
SYN-000262,2024-09-30,Scenario A,97500.0000000000,0.1800000000,36,3524.8585647519
SYN-000263,2024-09-30,Scenario A,97500.0000000000,0.0600000000,60,1884.9481491192
SYN-000264,2025-10-31,Scenario A,48000.0000000000,0.0600000000,60,927.9744734125
SYN-000265,2024-08-31,Scenario A,14000.0000000000,0.0000000000,36,388.8888888889
SYN-000266,2025-03-31,Scenario A,23500.0000000000,0.1800000000,60,596.7455445371
SYN-000267,2025-10-31,Scenario A,8000.0000000000,0.0600000000,60,154.6624122354
SYN-000268,2025-05-31,Scenario A,31000.0000000000,0.1800000000,48,910.6249878530
SYN-000269,2025-11-30,Scenario A,13750.0000000000,0.0600000000,48,322.9191494091
SYN-000270,2025-10-31,Scenario A,25000.0000000000,0.0000000000,48,520.8333333333
SYN-000271,2025-01-31,Scenario A,39500.0000000000,0.0000000000,60,658.3333333333
SYN-000272,2025-11-30,Scenario A,65250.0000000000,0.1200000000,60,1451.4502114398
SYN-000273,2024-12-31,Scenario A,83250.0000000000,0.0600000000,36,2532.6262928420
SYN-000274,2025-05-31,Scenario A,68000.0000000000,0.1200000000,36,2258.5730672739
SYN-000275,2025-12-31,Scenario A,11750.0000000000,0.0600000000,60,227.1604179708
SYN-000276,2025-12-31,Scenario A,91000.0000000000,0.0600000000,60,1759.2849391779
SYN-000277,2025-11-30,Scenario A,37250.0000000000,0.1800000000,36,1346.6767337129
SYN-000278,2025-01-31,Scenario C,66750.0000000000,0.0600000000,48,1567.6256889497
SYN-000279,2026-01-31,Scenario C,69000.0000000000,0.1200000000,48,1817.0346448030
SYN-000280,2024-12-31,Scenario A,25250.0000000000,0.1200000000,36,838.6613227745
SYN-000281,2024-11-30,Scenario C,66750.0000000000,0.1200000000,36,2217.0551800078
SYN-000282,2024-09-30,Scenario A,53250.0000000000,0.1200000000,60,1184.5168392210
SYN-000283,2024-09-30,Scenario A,86750.0000000000,0.0000000000,60,1445.8333333333
SYN-000284,2024-10-31,Scenario C,86250.0000000000,0.1800000000,48,2533.5937162040
SYN-000285,2024-10-31,Scenario C,12750.0000000000,0.1200000000,60,283.6167079825
SYN-000286,2024-08-31,Scenario A,31750.0000000000,0.0000000000,48,661.4583333333
SYN-000287,2025-09-30,Scenario B,66000.0000000000,0.1200000000,36,2192.1444476482
SYN-000288,2025-02-28,Scenario B,27000.0000000000,0.0000000000,60,450.0000000000
SYN-000289,2025-07-31,Scenario B,45500.0000000000,0.0000000000,60,758.3333333333
SYN-000290,2026-01-31,Scenario B,96750.0000000000,0.0600000000,48,2272.1765603878
SYN-000291,2026-01-31,Scenario C,80000.0000000000,0.1200000000,48,2106.7068345542
SYN-000292,2025-09-30,Scenario A,96250.0000000000,0.0600000000,36,2928.1114797122
SYN-000293,2024-08-31,Scenario A,17000.0000000000,0.1800000000,48,499.3749933388
SYN-000294,2025-04-30,Scenario C,73750.0000000000,0.0600000000,36,2243.6178870522
SYN-000295,2025-07-31,Scenario A,39250.0000000000,0.1200000000,48,1033.6030407032
SYN-000296,2024-11-30,Scenario A,59000.0000000000,0.1200000000,60,1312.4224134092
SYN-000297,2024-11-30,Scenario A,92250.0000000000,0.0000000000,60,1537.5000000000
SYN-000298,2024-09-30,Scenario A,95250.0000000000,0.0600000000,60,1841.4493456780
SYN-000299,2025-12-31,Scenario A,86250.0000000000,0.0600000000,36,2623.8921051966
SYN-000300,2025-02-28,Scenario B,83500.0000000000,0.1800000000,36,3018.7250272491
SYN-000301,2024-11-30,Scenario C,27750.0000000000,0.1200000000,48,730.7639332360
SYN-000302,2026-01-31,Scenario A,89750.0000000000,0.0000000000,48,1869.7916666667
SYN-000303,2025-04-30,Scenario C,18500.0000000000,0.0600000000,60,357.6568282944
SYN-000304,2025-02-28,Scenario A,49500.0000000000,0.1200000000,36,1644.1083357361
SYN-000305,2024-09-30,Scenario A,74250.0000000000,0.0000000000,48,1546.8750000000
SYN-000306,2026-01-31,Scenario C,82750.0000000000,0.1800000000,60,2101.3061195933
SYN-000307,2026-02-28,Scenario A,73500.0000000000,0.0000000000,36,2041.6666666667
SYN-000308,2024-10-31,Scenario A,90750.0000000000,0.1800000000,36,3280.8298948845
SYN-000309,2025-03-31,Scenario B,97750.0000000000,0.0000000000,36,2715.2777777778
SYN-000310,2024-09-30,Scenario C,95000.0000000000,0.1800000000,60,2412.3756055754
SYN-000311,2025-04-30,Scenario C,91500.0000000000,0.1200000000,48,2409.5459420214
SYN-000312,2025-03-31,Scenario B,11500.0000000000,0.0000000000,48,239.5833333333
SYN-000313,2025-12-31,Scenario B,78250.0000000000,0.0600000000,60,1512.7917196777
SYN-000314,2025-11-30,Scenario B,94250.0000000000,0.1200000000,60,2096.5391943020
SYN-000315,2024-09-30,Scenario B,90750.0000000000,0.1200000000,36,3014.1986155162
SYN-000316,2025-10-31,Scenario B,92250.0000000000,0.0000000000,48,1921.8750000000
SYN-000317,2025-06-30,Scenario A,31250.0000000000,0.0600000000,60,604.1500477946
SYN-000318,2024-12-31,Scenario A,16000.0000000000,0.1800000000,48,469.9999937306
SYN-000319,2025-02-28,Scenario A,50250.0000000000,0.0000000000,48,1046.8750000000
SYN-000320,2025-05-31,Scenario A,54750.0000000000,0.1800000000,60,1390.2901516342
SYN-000321,2025-05-31,Scenario A,97250.0000000000,0.1200000000,48,2560.9654957550
SYN-000322,2025-01-31,Scenario B,15750.0000000000,0.1200000000,48,414.7579080529
SYN-000323,2024-12-31,Scenario C,65250.0000000000,0.0000000000,48,1359.3750000000
SYN-000324,2025-01-31,Scenario B,60750.0000000000,0.1200000000,48,1599.7805024896
SYN-000325,2024-08-31,Scenario B,31500.0000000000,0.1800000000,36,1138.8004593814
SYN-000326,2024-12-31,Scenario A,70750.0000000000,0.1800000000,48,2078.2812222775
SYN-000327,2024-11-30,Scenario A,24500.0000000000,0.1200000000,60,544.9889682801
SYN-000328,2025-03-31,Scenario B,24500.0000000000,0.0600000000,48,575.3832116744
SYN-000329,2025-03-31,Scenario A,75500.0000000000,0.1800000000,48,2217.8124704162
SYN-000330,2025-01-31,Scenario A,71000.0000000000,0.0600000000,48,1667.4370624034
SYN-000331,2025-02-28,Scenario A,33250.0000000000,0.0600000000,48,780.8772158439
SYN-000332,2024-12-31,Scenario B,38500.0000000000,0.0600000000,60,744.3128588830
SYN-000333,2025-11-30,Scenario C,20750.0000000000,0.0600000000,36,631.2552021198
SYN-000334,2025-06-30,Scenario C,13000.0000000000,0.0600000000,48,305.3053776232
SYN-000335,2024-10-31,Scenario B,35000.0000000000,0.0600000000,48,821.9760166777
SYN-000336,2025-05-31,Scenario A,75500.0000000000,0.0000000000,48,1572.9166666667
SYN-000337,2025-09-30,Scenario B,5500.0000000000,0.0000000000,48,114.5833333333
SYN-000338,2025-10-31,Scenario A,8000.0000000000,0.0000000000,48,166.6666666667
SYN-000339,2025-08-31,Scenario B,21250.0000000000,0.0000000000,48,442.7083333333
SYN-000340,2025-11-30,Scenario A,24250.0000000000,0.1200000000,36,805.4470129616
SYN-000341,2025-12-31,Scenario C,89750.0000000000,0.1200000000,60,1996.4391797199
SYN-000342,2026-02-28,Scenario A,56500.0000000000,0.0000000000,60,941.6666666667
SYN-000343,2024-09-30,Scenario C,99000.0000000000,0.1800000000,60,2513.9493152838
SYN-000344,2024-12-31,Scenario A,53250.0000000000,0.0000000000,48,1109.3750000000
SYN-000345,2025-04-30,Scenario B,92000.0000000000,0.1200000000,48,2422.7128597374
SYN-000346,2025-06-30,Scenario B,59250.0000000000,0.0000000000,60,987.5000000000
SYN-000347,2025-04-30,Scenario B,22000.0000000000,0.0000000000,48,458.3333333333
SYN-000348,2024-11-30,Scenario B,96750.0000000000,0.0600000000,60,1870.4485479722
SYN-000349,2024-12-31,Scenario B,79000.0000000000,0.0000000000,36,2194.4444444444
SYN-000350,2024-09-30,Scenario A,67000.0000000000,0.1200000000,60,1490.3779948884
SYN-000351,2025-08-31,Scenario C,6000.0000000000,0.0000000000,48,125.0000000000
SYN-000352,2026-01-31,Scenario B,6500.0000000000,0.0600000000,60,125.6632099413
SYN-000353,2025-12-31,Scenario A,73250.0000000000,0.1200000000,60,1629.4057929191
SYN-000354,2025-09-30,Scenario A,55750.0000000000,0.1800000000,36,2015.4960511274
SYN-000355,2024-12-31,Scenario B,84500.0000000000,0.0000000000,36,2347.2222222222
SYN-000356,2024-10-31,Scenario B,40000.0000000000,0.0600000000,60,773.3120611771
SYN-000357,2025-08-31,Scenario B,43500.0000000000,0.1200000000,36,1444.8224768590
SYN-000358,2025-10-31,Scenario C,33500.0000000000,0.0600000000,48,786.7484731058
SYN-000359,2026-02-28,Scenario B,42250.0000000000,0.1200000000,60,939.8279146871
SYN-000360,2024-11-30,Scenario B,69750.0000000000,0.1800000000,60,1771.1915630409
SYN-000361,2025-05-31,Scenario A,63000.0000000000,0.0000000000,36,1750.0000000000
SYN-000362,2024-08-31,Scenario C,54000.0000000000,0.0600000000,36,1642.7846223840
SYN-000363,2024-08-31,Scenario A,43000.0000000000,0.0600000000,60,831.3104657654
SYN-000364,2025-05-31,Scenario B,17250.0000000000,0.0000000000,36,479.1666666667
SYN-000365,2025-03-31,Scenario A,78500.0000000000,0.1200000000,48,2067.2060814063
SYN-000366,2026-01-31,Scenario A,57250.0000000000,0.0600000000,36,1741.6559191015
SYN-000367,2025-10-31,Scenario C,37500.0000000000,0.1200000000,36,1245.5366179819
SYN-000368,2025-11-30,Scenario B,15000.0000000000,0.0000000000,48,312.5000000000
SYN-000369,2025-06-30,Scenario A,18250.0000000000,0.0600000000,60,352.8236279121
SYN-000370,2025-04-30,Scenario B,33250.0000000000,0.0000000000,36,923.6111111111
SYN-000371,2026-01-31,Scenario C,92250.0000000000,0.0600000000,36,2806.4237299060
SYN-000372,2026-02-28,Scenario B,22000.0000000000,0.1200000000,48,579.3443795024
SYN-000373,2025-03-31,Scenario B,75750.0000000000,0.0600000000,36,2304.4617619553
SYN-000374,2025-01-31,Scenario A,25250.0000000000,0.1200000000,36,838.6613227745
SYN-000375,2025-04-30,Scenario A,86000.0000000000,0.0000000000,60,1433.3333333333
SYN-000376,2025-09-30,Scenario B,29750.0000000000,0.0000000000,48,619.7916666667
SYN-000377,2026-01-31,Scenario B,78750.0000000000,0.1200000000,60,1751.7502551860
SYN-000378,2024-11-30,Scenario A,73000.0000000000,0.0000000000,60,1216.6666666667
SYN-000379,2026-01-31,Scenario B,19000.0000000000,0.1800000000,48,558.1249925551
SYN-000380,2025-06-30,Scenario C,43750.0000000000,0.1800000000,36,1581.6673046964
SYN-000381,2025-11-30,Scenario C,40000.0000000000,0.1800000000,48,1174.9999843265
SYN-000382,2025-05-31,Scenario A,94750.0000000000,0.1800000000,48,2783.2812128734
SYN-000383,2024-12-31,Scenario A,30250.0000000000,0.1800000000,36,1093.6099649615
SYN-000384,2024-10-31,Scenario B,25500.0000000000,0.0600000000,60,492.9864390004
SYN-000385,2025-06-30,Scenario A,43750.0000000000,0.1800000000,60,1110.9624499360
SYN-000386,2024-11-30,Scenario B,95750.0000000000,0.1800000000,36,3461.5918725640
SYN-000387,2025-07-31,Scenario A,34250.0000000000,0.1800000000,36,1238.2195471052
SYN-000388,2025-06-30,Scenario B,21500.0000000000,0.1200000000,48,566.1774617864
SYN-000389,2026-02-28,Scenario A,15000.0000000000,0.0600000000,48,352.2754357190
SYN-000390,2024-12-31,Scenario C,64000.0000000000,0.1200000000,60,1423.6446518337
SYN-000391,2026-01-31,Scenario A,15750.0000000000,0.1800000000,48,462.6562438286
SYN-000392,2025-03-31,Scenario A,15500.0000000000,0.1200000000,48,408.1744491949
SYN-000393,2026-01-31,Scenario A,11250.0000000000,0.0000000000,48,234.3750000000
SYN-000394,2024-09-30,Scenario C,37500.0000000000,0.1800000000,36,1355.7148325969
SYN-000395,2025-12-31,Scenario A,98500.0000000000,0.0600000000,48,2313.2753612217
SYN-000396,2025-05-31,Scenario C,15000.0000000000,0.1800000000,48,440.6249941224
SYN-000397,2024-10-31,Scenario B,48500.0000000000,0.0600000000,60,937.6408741773
SYN-000398,2024-12-31,Scenario B,26500.0000000000,0.0000000000,36,736.1111111111
SYN-000399,2025-08-31,Scenario C,9250.0000000000,0.0600000000,60,178.8284141472
SYN-000400,2025-11-30,Scenario A,73750.0000000000,0.1800000000,48,2166.4062211020
SYN-000401,2026-02-28,Scenario B,38750.0000000000,0.0000000000,36,1076.3888888889
SYN-000402,2025-03-31,Scenario A,93500.0000000000,0.0600000000,48,2195.8502159820
SYN-000403,2026-02-28,Scenario C,96000.0000000000,0.0600000000,48,2254.5627886018
SYN-000404,2025-02-28,Scenario B,96500.0000000000,0.0000000000,36,2680.5555555556
SYN-000405,2025-04-30,Scenario A,66000.0000000000,0.0000000000,36,1833.3333333333
SYN-000406,2025-09-30,Scenario B,48750.0000000000,0.0600000000,60,942.4740745596
SYN-000407,2025-09-30,Scenario B,96500.0000000000,0.1800000000,36,3488.7061692160
SYN-000408,2025-09-30,Scenario A,62500.0000000000,0.1800000000,48,1835.9374755101
SYN-000409,2024-08-31,Scenario A,12750.0000000000,0.0600000000,48,299.4341203612
SYN-000410,2025-05-31,Scenario B,76000.0000000000,0.0000000000,60,1266.6666666667
SYN-000411,2025-01-31,Scenario A,98250.0000000000,0.0600000000,36,2988.9553546153
SYN-000412,2024-11-30,Scenario B,12500.0000000000,0.0600000000,48,293.5628630992
SYN-000413,2025-08-31,Scenario B,82000.0000000000,0.0000000000,36,2277.7777777778
SYN-000414,2025-08-31,Scenario B,7500.0000000000,0.1200000000,60,166.8333576368
SYN-000415,2024-09-30,Scenario B,45250.0000000000,0.0600000000,36,1376.5926696829
SYN-000416,2025-02-28,Scenario B,55250.0000000000,0.1800000000,60,1402.9868653478
SYN-000417,2026-01-31,Scenario A,61000.0000000000,0.1800000000,48,1791.8749760979
SYN-000418,2024-11-30,Scenario B,37000.0000000000,0.1800000000,60,939.5568148030
SYN-000419,2024-08-31,Scenario B,96750.0000000000,0.1200000000,36,3213.4844743934
SYN-000420,2024-08-31,Scenario B,62500.0000000000,0.0600000000,48,1467.8143154960
SYN-000421,2024-10-31,Scenario A,32250.0000000000,0.1800000000,60,818.9380345243
SYN-000422,2024-11-30,Scenario B,81500.0000000000,0.0000000000,60,1358.3333333333
SYN-000423,2024-08-31,Scenario B,88750.0000000000,0.1200000000,60,1974.1947320350
SYN-000424,2025-07-31,Scenario C,85500.0000000000,0.0000000000,48,1781.2500000000
SYN-000425,2025-06-30,Scenario B,91250.0000000000,0.1200000000,36,3030.8057704227
SYN-000426,2024-09-30,Scenario A,50500.0000000000,0.0000000000,36,1402.7777777778
SYN-000427,2025-08-31,Scenario A,76000.0000000000,0.0600000000,60,1469.2929162365
SYN-000428,2025-01-31,Scenario A,63750.0000000000,0.1200000000,60,1418.0835399125
SYN-000429,2025-07-31,Scenario C,30750.0000000000,0.0600000000,36,935.4745766353
SYN-000430,2025-03-31,Scenario A,65500.0000000000,0.0000000000,60,1091.6666666667
SYN-000431,2025-11-30,Scenario A,32250.0000000000,0.0000000000,60,537.5000000000
SYN-000432,2024-08-31,Scenario C,35250.0000000000,0.0000000000,60,587.5000000000
SYN-000433,2025-11-30,Scenario B,69750.0000000000,0.1200000000,48,1836.7850213770
SYN-000434,2024-11-30,Scenario C,24500.0000000000,0.0000000000,36,680.5555555556
SYN-000435,2025-05-31,Scenario A,36250.0000000000,0.1800000000,36,1310.5243381770
SYN-000436,2025-10-31,Scenario A,16750.0000000000,0.0600000000,60,323.8244256179
SYN-000437,2024-08-31,Scenario B,38500.0000000000,0.0600000000,36,1171.2445918849
SYN-000438,2025-12-31,Scenario B,88000.0000000000,0.0000000000,36,2444.4444444444
SYN-000439,2024-11-30,Scenario B,90250.0000000000,0.0600000000,36,2745.5798550028
SYN-000440,2025-04-30,Scenario C,69750.0000000000,0.1800000000,60,1771.1915630409
SYN-000441,2025-03-31,Scenario B,80750.0000000000,0.1200000000,48,2126.4572111282
SYN-000442,2024-11-30,Scenario A,22000.0000000000,0.0600000000,60,425.3216336474
SYN-000443,2025-09-30,Scenario B,88750.0000000000,0.0600000000,48,2084.2963280043
SYN-000444,2025-05-31,Scenario A,67500.0000000000,0.1800000000,36,2440.2866986744
SYN-000445,2024-10-31,Scenario A,92500.0000000000,0.0600000000,60,1788.2841414721
SYN-000446,2025-08-31,Scenario A,76000.0000000000,0.0600000000,36,2312.0672463182
SYN-000447,2025-10-31,Scenario A,26250.0000000000,0.0000000000,48,546.8750000000
SYN-000448,2025-03-31,Scenario C,16750.0000000000,0.1200000000,60,372.5944987221
SYN-000449,2024-10-31,Scenario A,27750.0000000000,0.1800000000,48,815.1562391265
SYN-000450,2025-07-31,Scenario B,70750.0000000000,0.1200000000,36,2349.9124192592
SYN-000451,2025-10-31,Scenario B,30750.0000000000,0.0600000000,48,722.1646432240
SYN-000452,2025-05-31,Scenario C,21000.0000000000,0.1200000000,60,467.1334013829
SYN-000453,2026-02-28,Scenario B,63750.0000000000,0.1800000000,36,2304.7152154147
SYN-000454,2025-07-31,Scenario C,80500.0000000000,0.0000000000,60,1341.6666666667
SYN-000455,2025-01-31,Scenario B,47500.0000000000,0.1800000000,48,1395.3124813877
SYN-000456,2025-03-31,Scenario B,15500.0000000000,0.1800000000,60,393.5981251202
SYN-000457,2024-09-30,Scenario A,44750.0000000000,0.0000000000,48,932.2916666667
SYN-000458,2024-09-30,Scenario C,13750.0000000000,0.0000000000,48,286.4583333333
SYN-000459,2024-10-31,Scenario B,50000.0000000000,0.1200000000,48,1316.6917715964
SYN-000460,2024-11-30,Scenario A,71750.0000000000,0.0600000000,48,1685.0508341894
SYN-000461,2025-03-31,Scenario B,77000.0000000000,0.1200000000,36,2557.5018555895
SYN-000462,2025-09-30,Scenario B,32000.0000000000,0.0600000000,36,973.5019984498
SYN-000463,2025-05-31,Scenario A,46750.0000000000,0.0000000000,36,1298.6111111111
SYN-000464,2025-05-31,Scenario C,26000.0000000000,0.1800000000,36,939.9622839338
SYN-000465,2025-02-28,Scenario A,7750.0000000000,0.0600000000,60,149.8292118531
SYN-000466,2025-09-30,Scenario C,17250.0000000000,0.0600000000,48,405.1167510769
SYN-000467,2025-07-31,Scenario A,69500.0000000000,0.0600000000,48,1632.2095188315
SYN-000468,2025-04-30,Scenario A,11250.0000000000,0.0000000000,36,312.5000000000
SYN-000469,2025-03-31,Scenario A,24000.0000000000,0.0000000000,60,400.0000000000
SYN-000470,2025-02-28,Scenario B,82500.0000000000,0.1200000000,60,1835.1669340044
SYN-000471,2026-02-28,Scenario A,45250.0000000000,0.0000000000,60,754.1666666667
SYN-000472,2026-01-31,Scenario B,80250.0000000000,0.1200000000,60,1785.1169267134
SYN-000473,2025-02-28,Scenario A,36250.0000000000,0.0000000000,48,755.2083333333
SYN-000474,2025-08-31,Scenario C,98500.0000000000,0.1800000000,48,2893.4374614040
SYN-000475,2025-05-31,Scenario A,31250.0000000000,0.1200000000,60,695.1389901532
SYN-000476,2024-08-31,Scenario A,32000.0000000000,0.1800000000,36,1156.8766571493
SYN-000477,2025-06-30,Scenario C,13750.0000000000,0.0600000000,36,418.3016399589
SYN-000478,2025-04-30,Scenario B,47500.0000000000,0.1800000000,36,1717.2387879560
SYN-000479,2026-01-31,Scenario A,54250.0000000000,0.1800000000,48,1593.5937287428
SYN-000480,2024-10-31,Scenario A,11250.0000000000,0.0000000000,60,187.5000000000
SYN-000481,2024-12-31,Scenario C,28750.0000000000,0.0600000000,36,874.6307017322
SYN-000482,2024-11-30,Scenario B,78750.0000000000,0.1200000000,48,2073.7895402643
SYN-000483,2025-03-31,Scenario C,58750.0000000000,0.0600000000,48,1379.7454565662
SYN-000484,2025-06-30,Scenario B,78000.0000000000,0.0600000000,36,2372.9111212213
SYN-000485,2026-01-31,Scenario B,85500.0000000000,0.1200000000,48,2251.5429294298
SYN-000486,2024-12-31,Scenario C,65500.0000000000,0.1200000000,36,2175.5372927418
SYN-000487,2025-04-30,Scenario C,13750.0000000000,0.1800000000,36,497.0954386189
SYN-000488,2025-02-28,Scenario A,42000.0000000000,0.0000000000,36,1166.6666666667
SYN-000489,2025-11-30,Scenario B,77000.0000000000,0.1200000000,60,1712.8224717374
SYN-000490,2025-05-31,Scenario A,85500.0000000000,0.0600000000,48,2007.9699835985
SYN-000491,2024-11-30,Scenario B,5250.0000000000,0.1800000000,48,154.2187479429
SYN-000492,2025-08-31,Scenario B,98750.0000000000,0.0000000000,60,1645.8333333333
SYN-000493,2025-02-28,Scenario B,65750.0000000000,0.0000000000,48,1369.7916666667
SYN-000494,2025-12-31,Scenario B,34500.0000000000,0.0000000000,60,575.0000000000
SYN-000495,2025-07-31,Scenario B,83500.0000000000,0.1200000000,48,2198.8752585660
SYN-000496,2025-09-30,Scenario A,32750.0000000000,0.0600000000,36,996.3184515384
SYN-000497,2025-02-28,Scenario B,27750.0000000000,0.0600000000,60,536.4852424416
SYN-000498,2026-01-31,Scenario A,99500.0000000000,0.0600000000,60,1923.6137521781
SYN-000499,2025-03-31,Scenario C,99500.0000000000,0.1800000000,60,2526.6460289974
SYN-000500,2024-09-30,Scenario B,78750.0000000000,0.0600000000,48,1849.4460375249
SYN-000501,2025-06-30,Scenario A,42750.0000000000,0.1800000000,48,1255.7812332489
SYN-000502,2025-12-31,Scenario C,6000.0000000000,0.1200000000,48,158.0030125916
SYN-000503,2024-08-31,Scenario C,76250.0000000000,0.1800000000,36,2756.6201596137
SYN-000504,2026-02-28,Scenario A,13250.0000000000,0.1800000000,60,336.4629134092
SYN-000505,2025-01-31,Scenario B,98000.0000000000,0.0600000000,60,1894.6145498839
SYN-000506,2025-01-31,Scenario A,46750.0000000000,0.0600000000,36,1422.2255758602
SYN-000507,2025-04-30,Scenario A,67000.0000000000,0.0600000000,36,2038.2698092542
SYN-000508,2025-06-30,Scenario C,23500.0000000000,0.0600000000,60,454.3208359416
SYN-000509,2025-10-31,Scenario B,79750.0000000000,0.1200000000,60,1773.9947028709
SYN-000510,2024-08-31,Scenario B,99750.0000000000,0.0600000000,36,3034.5882607926
SYN-000511,2024-08-31,Scenario A,99500.0000000000,0.0600000000,48,2336.7603902696
SYN-000512,2024-12-31,Scenario B,40500.0000000000,0.0600000000,48,951.1436764414
SYN-000513,2025-01-31,Scenario A,60500.0000000000,0.1800000000,48,1777.1874762938
SYN-000514,2025-11-30,Scenario A,6750.0000000000,0.1800000000,48,198.2812473551
SYN-000515,2025-09-30,Scenario A,25750.0000000000,0.0000000000,48,536.4583333333
SYN-000516,2024-12-31,Scenario A,8750.0000000000,0.1200000000,60,194.6389172429
SYN-000517,2025-09-30,Scenario B,22000.0000000000,0.0600000000,60,425.3216336474
SYN-000518,2025-11-30,Scenario B,63250.0000000000,0.0000000000,48,1317.7083333333
SYN-000519,2026-02-28,Scenario C,89000.0000000000,0.1800000000,36,3217.5632026966
SYN-000520,2024-10-31,Scenario B,56250.0000000000,0.1800000000,36,2033.5722488953
SYN-000521,2025-03-31,Scenario A,76750.0000000000,0.1200000000,48,2021.1218694005
SYN-000522,2025-03-31,Scenario B,63250.0000000000,0.0600000000,60,1222.7996967363
SYN-000523,2025-05-31,Scenario B,96000.0000000000,0.1800000000,48,2819.9999623836
SYN-000524,2026-02-28,Scenario A,27000.0000000000,0.0600000000,36,821.3923111920
SYN-000525,2024-10-31,Scenario A,33500.0000000000,0.0000000000,48,697.9166666667
SYN-000526,2025-09-30,Scenario A,32750.0000000000,0.0000000000,36,909.7222222222
SYN-000527,2025-05-31,Scenario B,55750.0000000000,0.1200000000,36,1851.6977720665
SYN-000528,2025-01-31,Scenario C,81750.0000000000,0.1800000000,48,2401.4062179673
SYN-000529,2026-01-31,Scenario A,44250.0000000000,0.1200000000,48,1165.2722178628
SYN-000530,2026-01-31,Scenario A,28750.0000000000,0.0000000000,60,479.1666666667
SYN-000531,2025-06-30,Scenario A,66000.0000000000,0.1200000000,36,2192.1444476482
SYN-000532,2025-06-30,Scenario B,70000.0000000000,0.1800000000,48,2056.2499725714
SYN-000533,2025-08-31,Scenario A,37250.0000000000,0.1200000000,48,980.9353698393
SYN-000534,2025-10-31,Scenario B,48250.0000000000,0.1200000000,60,1073.2946007965
SYN-000535,2025-05-31,Scenario A,94750.0000000000,0.1800000000,60,2406.0272487186
SYN-000536,2025-09-30,Scenario A,98000.0000000000,0.0000000000,36,2722.2222222222
SYN-000537,2025-07-31,Scenario B,68000.0000000000,0.1200000000,48,1790.7008093711
SYN-000538,2025-11-30,Scenario A,39750.0000000000,0.0000000000,60,662.5000000000
SYN-000539,2026-01-31,Scenario A,40250.0000000000,0.0600000000,48,945.2724191794
SYN-000540,2025-04-30,Scenario B,53750.0000000000,0.1200000000,60,1195.6390630635
SYN-000541,2025-02-28,Scenario A,43750.0000000000,0.1200000000,60,973.1945862145
SYN-000542,2026-02-28,Scenario A,75000.0000000000,0.1200000000,60,1668.3335763676
SYN-000543,2025-08-31,Scenario B,49250.0000000000,0.0000000000,48,1026.0416666667
SYN-000544,2025-11-30,Scenario B,14500.0000000000,0.0000000000,60,241.6666666667
SYN-000545,2024-11-30,Scenario A,60000.0000000000,0.0000000000,48,1250.0000000000
SYN-000546,2025-10-31,Scenario A,66250.0000000000,0.1200000000,60,1473.6946591247
SYN-000547,2025-04-30,Scenario A,49500.0000000000,0.0000000000,60,825.0000000000
SYN-000548,2025-09-30,Scenario A,31500.0000000000,0.1200000000,60,700.7001020744
SYN-000549,2025-02-28,Scenario A,23750.0000000000,0.1800000000,60,603.0939013938
SYN-000550,2024-11-30,Scenario A,40750.0000000000,0.1800000000,48,1197.0312340326
SYN-000551,2025-05-31,Scenario A,20500.0000000000,0.1800000000,48,602.1874919673
SYN-000552,2026-01-31,Scenario A,58000.0000000000,0.1200000000,60,1290.1779657243
SYN-000553,2025-04-30,Scenario A,18500.0000000000,0.0000000000,60,308.3333333333
SYN-000554,2025-10-31,Scenario B,9500.0000000000,0.0600000000,48,223.1077759554
SYN-000555,2025-08-31,Scenario B,64500.0000000000,0.0000000000,36,1791.6666666667
SYN-000556,2025-06-30,Scenario B,20500.0000000000,0.0000000000,48,427.0833333333
SYN-000557,2025-06-30,Scenario A,22250.0000000000,0.0000000000,48,463.5416666667
SYN-000558,2025-03-31,Scenario A,58500.0000000000,0.1800000000,48,1718.4374770775
SYN-000559,2025-09-30,Scenario B,84250.0000000000,0.1200000000,60,1874.0947174530
SYN-000560,2024-08-31,Scenario B,86500.0000000000,0.0000000000,36,2402.7777777778
SYN-000561,2025-02-28,Scenario A,64750.0000000000,0.0600000000,36,1969.8204499882
SYN-000562,2024-11-30,Scenario A,16500.0000000000,0.1800000000,60,418.9915525473
SYN-000563,2025-11-30,Scenario C,38500.0000000000,0.1800000000,36,1391.8672281328
SYN-000564,2025-11-30,Scenario A,24250.0000000000,0.1800000000,60,615.7906151074
SYN-000565,2024-08-31,Scenario B,15500.0000000000,0.0000000000,36,430.5555555556
SYN-000566,2025-02-28,Scenario A,5250.0000000000,0.1800000000,60,133.3154939923
SYN-000567,2025-03-31,Scenario B,76250.0000000000,0.0000000000,36,2118.0555555556
SYN-000568,2024-11-30,Scenario B,91250.0000000000,0.1800000000,36,3298.9060926524
SYN-000569,2024-08-31,Scenario B,71750.0000000000,0.1800000000,48,2107.6562218856
SYN-000570,2025-11-30,Scenario B,90750.0000000000,0.1800000000,36,3280.8298948845
SYN-000571,2025-09-30,Scenario A,59250.0000000000,0.0000000000,60,987.5000000000
SYN-000572,2024-09-30,Scenario A,49000.0000000000,0.0000000000,36,1361.1111111111
SYN-000573,2025-09-30,Scenario B,85750.0000000000,0.0600000000,60,1657.7877311484
SYN-000574,2025-04-30,Scenario B,91500.0000000000,0.1200000000,60,2035.3669631685
SYN-000575,2025-04-30,Scenario B,24500.0000000000,0.1200000000,60,544.9889682801
SYN-000576,2025-12-31,Scenario A,58500.0000000000,0.1800000000,48,1718.4374770775
SYN-000577,2024-12-31,Scenario B,19750.0000000000,0.1200000000,60,439.3278417768
SYN-000578,2025-12-31,Scenario B,47500.0000000000,0.0600000000,60,918.3080726478
SYN-000579,2025-02-28,Scenario A,40000.0000000000,0.0000000000,48,833.3333333333
SYN-000580,2026-01-31,Scenario B,79500.0000000000,0.1800000000,60,2018.7774804552
SYN-000581,2025-11-30,Scenario B,18500.0000000000,0.0600000000,36,562.8058428538
SYN-000582,2024-08-31,Scenario A,92750.0000000000,0.1200000000,60,2063.1725227746
SYN-000583,2026-01-31,Scenario B,61750.0000000000,0.1800000000,48,1813.9062258040
SYN-000584,2025-03-31,Scenario A,39500.0000000000,0.1800000000,60,1003.0403833708
SYN-000585,2024-10-31,Scenario C,47250.0000000000,0.0600000000,60,913.4748722655
SYN-000586,2024-08-31,Scenario C,73000.0000000000,0.0600000000,48,1714.4071204993
SYN-000587,2025-06-30,Scenario A,18750.0000000000,0.1200000000,48,493.7594143486
SYN-000588,2024-10-31,Scenario B,66000.0000000000,0.0600000000,60,1275.9649009422
SYN-000589,2025-02-28,Scenario B,6000.0000000000,0.1800000000,36,216.9143732155
SYN-000590,2024-10-31,Scenario A,55000.0000000000,0.0000000000,36,1527.7777777778
SYN-000591,2025-09-30,Scenario A,78250.0000000000,0.0600000000,48,1837.7035230010
SYN-000592,2024-08-31,Scenario A,70000.0000000000,0.0000000000,36,1944.4444444444
SYN-000593,2025-03-31,Scenario C,70500.0000000000,0.1800000000,48,2070.9374723754
SYN-000594,2025-06-30,Scenario B,54750.0000000000,0.1200000000,36,1818.4834622536
SYN-000595,2025-04-30,Scenario A,47500.0000000000,0.1200000000,48,1250.8571830166
SYN-000596,2024-12-31,Scenario C,25500.0000000000,0.0000000000,36,708.3333333333
SYN-000597,2026-02-28,Scenario A,80750.0000000000,0.1800000000,36,2919.3059395253
SYN-000598,2025-05-31,Scenario B,63250.0000000000,0.0000000000,60,1054.1666666667
SYN-000599,2026-01-31,Scenario B,49750.0000000000,0.0000000000,36,1381.9444444444
SYN-000600,2025-07-31,Scenario A,51000.0000000000,0.0000000000,48,1062.5000000000
SYN-000601,2025-02-28,Scenario A,77000.0000000000,0.1200000000,60,1712.8224717374
SYN-000602,2025-03-31,Scenario A,13250.0000000000,0.0600000000,60,256.1596202649
SYN-000603,2024-09-30,Scenario A,72750.0000000000,0.0000000000,36,2020.8333333333
SYN-000604,2024-12-31,Scenario C,73000.0000000000,0.1800000000,60,1853.7202021790
SYN-000605,2025-05-31,Scenario A,28750.0000000000,0.1200000000,60,639.5278709409
SYN-000606,2025-10-31,Scenario B,39750.0000000000,0.1800000000,36,1437.0577225527
SYN-000607,2025-03-31,Scenario A,20750.0000000000,0.0000000000,48,432.2916666667
SYN-000608,2025-04-30,Scenario B,24250.0000000000,0.1800000000,36,876.6955917460
SYN-000609,2025-03-31,Scenario B,9000.0000000000,0.0600000000,48,211.3652614314
SYN-000610,2025-02-28,Scenario B,95500.0000000000,0.0600000000,48,2242.8202740779
SYN-000611,2025-12-31,Scenario B,81750.0000000000,0.0000000000,48,1703.1250000000
SYN-000612,2025-07-31,Scenario C,89000.0000000000,0.0000000000,60,1483.3333333333
SYN-000613,2025-10-31,Scenario B,59750.0000000000,0.1800000000,36,2160.1056332710
SYN-000614,2025-01-31,Scenario C,30000.0000000000,0.1200000000,36,996.4292943855
SYN-000615,2026-01-31,Scenario A,44500.0000000000,0.0000000000,48,927.0833333333
SYN-000616,2025-07-31,Scenario C,92000.0000000000,0.0600000000,48,2160.6226724101
SYN-000617,2025-07-31,Scenario C,38250.0000000000,0.1200000000,48,1007.2692052712
SYN-000618,2024-09-30,Scenario A,14750.0000000000,0.1800000000,60,374.5530545499
SYN-000619,2024-11-30,Scenario B,52000.0000000000,0.1800000000,48,1527.4999796244
SYN-000620,2024-08-31,Scenario C,20750.0000000000,0.1800000000,60,526.9136191125
SYN-000621,2025-01-31,Scenario A,24000.0000000000,0.1800000000,60,609.4422582506
SYN-000622,2025-07-31,Scenario B,65250.0000000000,0.0000000000,60,1087.5000000000
SYN-000623,2025-08-31,Scenario A,53750.0000000000,0.0600000000,60,1039.1380822068
SYN-000624,2024-11-30,Scenario C,91000.0000000000,0.0000000000,48,1895.8333333333
SYN-000625,2024-08-31,Scenario B,45000.0000000000,0.0600000000,48,1056.8263071571
SYN-000626,2025-05-31,Scenario B,80000.0000000000,0.0000000000,48,1666.6666666667
SYN-000627,2025-06-30,Scenario B,92750.0000000000,0.0600000000,60,1793.1173418544
SYN-000628,2024-08-31,Scenario A,7750.0000000000,0.0000000000,48,161.4583333333
SYN-000629,2025-03-31,Scenario A,70000.0000000000,0.0000000000,36,1944.4444444444
SYN-000630,2024-09-30,Scenario A,29750.0000000000,0.0600000000,60,575.1508455005
SYN-000631,2025-05-31,Scenario A,77500.0000000000,0.1800000000,60,1967.9906256010
SYN-000632,2025-04-30,Scenario B,85500.0000000000,0.1800000000,60,2171.1380450178
SYN-000633,2025-08-31,Scenario A,24750.0000000000,0.0000000000,60,412.5000000000
SYN-000634,2025-06-30,Scenario B,88500.0000000000,0.1800000000,36,3199.4870049286
SYN-000635,2025-02-28,Scenario A,85000.0000000000,0.1800000000,36,3072.9536205529
SYN-000636,2025-08-31,Scenario A,55500.0000000000,0.1800000000,48,1630.3124782530
SYN-000637,2025-07-31,Scenario A,13000.0000000000,0.1800000000,36,469.9811419669
SYN-000638,2024-08-31,Scenario C,53000.0000000000,0.1200000000,48,1395.6932778922
SYN-000639,2025-09-30,Scenario C,36750.0000000000,0.1800000000,48,1079.5312356000
SYN-000640,2025-11-30,Scenario A,14750.0000000000,0.1200000000,48,388.4240726209
SYN-000641,2025-01-31,Scenario B,47250.0000000000,0.0000000000,48,984.3750000000
SYN-000642,2025-12-31,Scenario A,68750.0000000000,0.0000000000,60,1145.8333333333
SYN-000643,2024-09-30,Scenario C,14500.0000000000,0.1800000000,48,425.9374943184
SYN-000644,2025-10-31,Scenario C,71500.0000000000,0.0600000000,48,1679.1795769274
SYN-000645,2024-10-31,Scenario A,68750.0000000000,0.1800000000,60,1745.7981356137
SYN-000646,2025-12-31,Scenario B,50000.0000000000,0.0600000000,36,1521.0968725778
SYN-000647,2025-09-30,Scenario A,7500.0000000000,0.0000000000,36,208.3333333333
SYN-000648,2025-08-31,Scenario B,72500.0000000000,0.1200000000,36,2408.0374614317
SYN-000649,2025-11-30,Scenario A,15750.0000000000,0.0000000000,60,262.5000000000
SYN-000650,2026-01-31,Scenario B,7250.0000000000,0.1800000000,48,212.9687471592
SYN-000651,2025-06-30,Scenario B,97250.0000000000,0.1800000000,48,2856.7187118938
SYN-000652,2025-04-30,Scenario C,16000.0000000000,0.0600000000,48,375.7604647670
SYN-000653,2026-02-28,Scenario C,38500.0000000000,0.1200000000,48,1013.8526641292
SYN-000654,2026-01-31,Scenario B,59250.0000000000,0.1800000000,48,1740.4687267836
SYN-000655,2024-10-31,Scenario B,16750.0000000000,0.0000000000,60,279.1666666667
SYN-000656,2024-11-30,Scenario C,19750.0000000000,0.1800000000,60,501.5201916854
SYN-000657,2025-04-30,Scenario A,84000.0000000000,0.1800000000,48,2467.4999670856
SYN-000658,2025-09-30,Scenario A,84000.0000000000,0.0600000000,36,2555.4427459306
SYN-000659,2025-10-31,Scenario A,26750.0000000000,0.1200000000,36,888.4827874938
SYN-000660,2025-04-30,Scenario C,88750.0000000000,0.1200000000,48,2337.1278945836
SYN-000661,2024-10-31,Scenario B,41000.0000000000,0.1800000000,48,1204.3749839347
SYN-000662,2026-02-28,Scenario A,27250.0000000000,0.0000000000,36,756.9444444444
SYN-000663,2024-08-31,Scenario C,94750.0000000000,0.1800000000,60,2406.0272487186
SYN-000664,2025-07-31,Scenario B,55000.0000000000,0.0000000000,36,1527.7777777778
SYN-000665,2025-10-31,Scenario B,17250.0000000000,0.0000000000,48,359.3750000000
SYN-000666,2024-12-31,Scenario A,68500.0000000000,0.1800000000,48,2012.1874731591
SYN-000667,2025-06-30,Scenario A,33250.0000000000,0.1800000000,36,1202.0671515692
SYN-000668,2024-09-30,Scenario A,75000.0000000000,0.1200000000,48,1975.0376573946
SYN-000669,2025-03-31,Scenario B,54750.0000000000,0.0000000000,60,912.5000000000
SYN-000670,2025-05-31,Scenario B,65250.0000000000,0.1200000000,60,1451.4502114398
SYN-000671,2025-08-31,Scenario A,14250.0000000000,0.0000000000,36,395.8333333333
SYN-000672,2024-12-31,Scenario A,78250.0000000000,0.1800000000,48,2298.5937193387
SYN-000673,2025-08-31,Scenario A,24250.0000000000,0.1800000000,60,615.7906151074
SYN-000674,2024-12-31,Scenario A,57000.0000000000,0.1200000000,60,1267.9335180394
SYN-000675,2025-02-28,Scenario A,86500.0000000000,0.1800000000,36,3127.1822138568
SYN-000676,2024-09-30,Scenario C,51000.0000000000,0.0000000000,36,1416.6666666667
SYN-000677,2025-06-30,Scenario B,68500.0000000000,0.0000000000,60,1141.6666666667
SYN-000678,2025-05-31,Scenario A,56250.0000000000,0.1800000000,60,1428.3802927749
SYN-000679,2025-12-31,Scenario A,32250.0000000000,0.0600000000,60,623.4828493241
SYN-000680,2025-02-28,Scenario C,83000.0000000000,0.1800000000,36,3000.6488294811
SYN-000681,2025-01-31,Scenario A,98000.0000000000,0.0000000000,36,2722.2222222222
SYN-000682,2025-09-30,Scenario C,14500.0000000000,0.0600000000,60,280.3256221767
SYN-000683,2024-10-31,Scenario A,22500.0000000000,0.1800000000,60,571.3521171100
SYN-000684,2026-01-31,Scenario A,29250.0000000000,0.1200000000,48,770.2646863839
SYN-000685,2025-10-31,Scenario C,93500.0000000000,0.1200000000,36,3105.5379675016
SYN-000686,2024-10-31,Scenario B,29000.0000000000,0.1200000000,60,645.0889828622
SYN-000687,2025-06-30,Scenario A,23750.0000000000,0.1200000000,60,528.3056325164
SYN-000688,2024-10-31,Scenario C,87000.0000000000,0.1200000000,48,2291.0436825777
SYN-000689,2025-08-31,Scenario A,16500.0000000000,0.0600000000,36,501.9619679507
SYN-000690,2025-04-30,Scenario A,92250.0000000000,0.1200000000,36,3064.0200802355
SYN-000691,2025-01-31,Scenario C,20250.0000000000,0.1200000000,60,450.4500656193
SYN-000692,2026-02-28,Scenario A,90750.0000000000,0.0000000000,48,1890.6250000000
SYN-000693,2025-12-31,Scenario A,29500.0000000000,0.0600000000,36,897.4471548209
SYN-000694,2024-10-31,Scenario B,49000.0000000000,0.0600000000,36,1490.6749351262
SYN-000695,2026-02-28,Scenario B,93000.0000000000,0.1200000000,36,3088.9308125952
SYN-000696,2024-11-30,Scenario B,30000.0000000000,0.0000000000,36,833.3333333333
SYN-000697,2025-12-31,Scenario C,27750.0000000000,0.1200000000,60,617.2834232560
SYN-000698,2025-11-30,Scenario C,83250.0000000000,0.0600000000,36,2532.6262928420
SYN-000699,2026-01-31,Scenario B,21500.0000000000,0.1800000000,48,631.5624915755
SYN-000700,2025-09-30,Scenario B,60500.0000000000,0.0000000000,60,1008.3333333333
SYN-000701,2025-08-31,Scenario B,71750.0000000000,0.0000000000,60,1195.8333333333
SYN-000702,2025-04-30,Scenario A,80250.0000000000,0.1200000000,48,2113.2902934122
SYN-000703,2024-10-31,Scenario C,40500.0000000000,0.0600000000,36,1232.0884667880
SYN-000704,2025-10-31,Scenario A,27250.0000000000,0.1800000000,48,800.4687393224
SYN-000705,2024-09-30,Scenario B,11500.0000000000,0.1800000000,48,337.8124954939
SYN-000706,2025-10-31,Scenario A,92000.0000000000,0.1800000000,60,2336.1953232940
SYN-000707,2025-02-28,Scenario A,35500.0000000000,0.0000000000,60,591.6666666667
SYN-000708,2024-08-31,Scenario B,79500.0000000000,0.1200000000,36,2640.5376301217
SYN-000709,2025-11-30,Scenario B,39500.0000000000,0.0600000000,60,763.6456604124
SYN-000710,2024-10-31,Scenario A,24000.0000000000,0.1800000000,60,609.4422582506
SYN-000711,2025-02-28,Scenario B,54500.0000000000,0.0000000000,60,908.3333333333
SYN-000712,2024-10-31,Scenario B,66000.0000000000,0.0600000000,36,2007.8478718026
SYN-000713,2025-01-31,Scenario A,17250.0000000000,0.0600000000,60,333.4908263826
SYN-000714,2025-08-31,Scenario B,54500.0000000000,0.0600000000,60,1053.6376833538
SYN-000715,2025-06-30,Scenario B,22000.0000000000,0.0000000000,48,458.3333333333
SYN-000716,2024-08-31,Scenario B,67250.0000000000,0.0600000000,36,2045.8752936171
SYN-000717,2025-12-31,Scenario A,21250.0000000000,0.0600000000,36,646.4661708455
SYN-000718,2024-10-31,Scenario A,85000.0000000000,0.0600000000,36,2585.8646833822
SYN-000719,2025-02-28,Scenario B,8500.0000000000,0.0000000000,36,236.1111111111
SYN-000720,2025-06-30,Scenario C,73250.0000000000,0.0000000000,36,2034.7222222222
SYN-000721,2024-09-30,Scenario B,74500.0000000000,0.1800000000,48,2188.4374708081
SYN-000722,2025-03-31,Scenario B,58250.0000000000,0.1200000000,48,1533.9459139098
SYN-000723,2026-02-28,Scenario A,48750.0000000000,0.0600000000,60,942.4740745596
SYN-000724,2025-12-31,Scenario B,20500.0000000000,0.1800000000,36,741.1241084863
SYN-000725,2024-11-30,Scenario A,35750.0000000000,0.0600000000,48,839.5897884637
SYN-000726,2025-10-31,Scenario A,73000.0000000000,0.1800000000,36,2639.1248741219
SYN-000727,2025-01-31,Scenario C,17250.0000000000,0.0600000000,36,524.7784210393
SYN-000728,2025-09-30,Scenario C,37250.0000000000,0.0000000000,48,776.0416666667
SYN-000729,2025-09-30,Scenario B,86250.0000000000,0.1200000000,60,1918.5836128228
SYN-000730,2025-06-30,Scenario C,85000.0000000000,0.1800000000,48,2496.8749666938
SYN-000731,2025-10-31,Scenario A,24750.0000000000,0.1200000000,60,550.5500802013
SYN-000732,2025-01-31,Scenario C,68500.0000000000,0.1800000000,60,1739.4497787570
SYN-000733,2024-10-31,Scenario A,68500.0000000000,0.0000000000,60,1141.6666666667
SYN-000734,2025-10-31,Scenario A,43750.0000000000,0.0000000000,36,1215.2777777778
SYN-000735,2025-04-30,Scenario C,46750.0000000000,0.0600000000,60,903.8084715008
SYN-000736,2025-01-31,Scenario C,11250.0000000000,0.1800000000,48,330.4687455918
SYN-000737,2025-09-30,Scenario B,48750.0000000000,0.0000000000,36,1354.1666666667
SYN-000738,2025-10-31,Scenario B,64750.0000000000,0.0600000000,48,1520.6556308538
SYN-000739,2025-08-31,Scenario A,75000.0000000000,0.0000000000,36,2083.3333333333
SYN-000740,2025-11-30,Scenario A,8000.0000000000,0.0000000000,48,166.6666666667
SYN-000741,2025-02-28,Scenario C,27500.0000000000,0.0000000000,36,763.8888888889
SYN-000742,2024-10-31,Scenario B,84000.0000000000,0.0000000000,48,1750.0000000000
SYN-000743,2025-05-31,Scenario B,42250.0000000000,0.0000000000,60,704.1666666667
SYN-000744,2024-10-31,Scenario B,85250.0000000000,0.1800000000,36,3081.9917194369
SYN-000745,2024-09-30,Scenario A,37750.0000000000,0.0000000000,48,786.4583333333
SYN-000746,2024-11-30,Scenario A,27750.0000000000,0.0600000000,60,536.4852424416
SYN-000747,2024-09-30,Scenario A,5500.0000000000,0.1800000000,36,198.8381754475
SYN-000748,2025-08-31,Scenario A,79000.0000000000,0.1800000000,48,2320.6249690448
SYN-000749,2025-07-31,Scenario B,71000.0000000000,0.0600000000,48,1667.4370624034
SYN-000750,2024-11-30,Scenario A,21000.0000000000,0.1800000000,60,533.2619759693
SYN-000751,2024-11-30,Scenario A,81500.0000000000,0.1200000000,36,2706.9662497474
SYN-000752,2025-03-31,Scenario A,84250.0000000000,0.1200000000,48,2218.6256351399
SYN-000753,2024-09-30,Scenario B,41250.0000000000,0.1200000000,48,1086.2707115670
SYN-000754,2026-01-31,Scenario A,17750.0000000000,0.1800000000,36,641.7050207625
SYN-000755,2025-02-28,Scenario C,62250.0000000000,0.1200000000,48,1639.2812556375
SYN-000756,2024-11-30,Scenario A,47500.0000000000,0.1200000000,60,1056.6112650328
SYN-000757,2025-11-30,Scenario A,73250.0000000000,0.1800000000,48,2151.7187212979
SYN-000758,2024-12-31,Scenario A,37500.0000000000,0.0000000000,36,1041.6666666667
SYN-000759,2025-01-31,Scenario A,23750.0000000000,0.1200000000,60,528.3056325164
SYN-000760,2025-04-30,Scenario B,7250.0000000000,0.1800000000,48,212.9687471592
SYN-000761,2025-05-31,Scenario B,59250.0000000000,0.0000000000,36,1645.8333333333
SYN-000762,2025-11-30,Scenario B,64500.0000000000,0.1800000000,48,1894.6874747265
SYN-000763,2025-09-30,Scenario B,58500.0000000000,0.1200000000,48,1540.5293727678
SYN-000764,2025-04-30,Scenario A,57250.0000000000,0.1800000000,60,1453.7737202020
SYN-000765,2026-01-31,Scenario B,42750.0000000000,0.1200000000,60,950.9501385296
SYN-000766,2025-11-30,Scenario A,29750.0000000000,0.1800000000,60,755.4544659565
SYN-000767,2026-01-31,Scenario A,76250.0000000000,0.1800000000,36,2756.6201596137
SYN-000768,2025-02-28,Scenario A,90250.0000000000,0.0600000000,48,2119.5238715762
SYN-000769,2025-01-31,Scenario A,31750.0000000000,0.0000000000,48,661.4583333333
SYN-000770,2026-02-28,Scenario A,27250.0000000000,0.1800000000,48,800.4687393224
SYN-000771,2025-05-31,Scenario A,41250.0000000000,0.1800000000,60,1047.4788813683
SYN-000772,2025-07-31,Scenario A,69250.0000000000,0.0000000000,60,1154.1666666667
SYN-000773,2025-06-30,Scenario A,24250.0000000000,0.0000000000,36,673.6111111111
SYN-000774,2024-09-30,Scenario A,18500.0000000000,0.0000000000,36,513.8888888889
SYN-000775,2024-12-31,Scenario B,56750.0000000000,0.0000000000,36,1576.3888888889
SYN-000776,2024-08-31,Scenario C,9750.0000000000,0.1200000000,36,323.8395206753
SYN-000777,2024-08-31,Scenario C,52250.0000000000,0.1200000000,48,1375.9429013182
SYN-000778,2025-05-31,Scenario A,29000.0000000000,0.1800000000,60,736.4093953862
SYN-000779,2025-07-31,Scenario B,58750.0000000000,0.0000000000,60,979.1666666667
SYN-000780,2025-12-31,Scenario A,57500.0000000000,0.0000000000,60,958.3333333333
SYN-000781,2024-12-31,Scenario A,52000.0000000000,0.0600000000,36,1581.9407474809
SYN-000782,2024-12-31,Scenario A,29000.0000000000,0.0000000000,60,483.3333333333
SYN-000783,2025-02-28,Scenario A,12750.0000000000,0.1200000000,60,283.6167079825
SYN-000784,2024-09-30,Scenario B,39750.0000000000,0.0000000000,48,828.1250000000
SYN-000785,2024-11-30,Scenario B,77250.0000000000,0.0000000000,48,1609.3750000000
SYN-000786,2025-11-30,Scenario B,63500.0000000000,0.1800000000,48,1865.3124751183
SYN-000787,2025-10-31,Scenario A,49250.0000000000,0.0000000000,48,1026.0416666667
SYN-000788,2024-08-31,Scenario C,30750.0000000000,0.1800000000,48,903.2812379510
SYN-000789,2026-01-31,Scenario A,69500.0000000000,0.0600000000,60,1343.6297062952
SYN-000790,2024-11-30,Scenario C,21000.0000000000,0.0000000000,48,437.5000000000
SYN-000791,2025-01-31,Scenario B,73500.0000000000,0.0000000000,48,1531.2500000000
SYN-000792,2025-02-28,Scenario B,19250.0000000000,0.1200000000,48,506.9263320646
SYN-000793,2025-04-30,Scenario A,64000.0000000000,0.0000000000,60,1066.6666666667
SYN-000794,2024-10-31,Scenario A,23500.0000000000,0.1200000000,48,618.8451326503
SYN-000795,2025-02-28,Scenario B,63500.0000000000,0.0600000000,48,1491.2993445439
SYN-000796,2024-09-30,Scenario B,51500.0000000000,0.1200000000,48,1356.1925247443
SYN-000797,2025-11-30,Scenario B,90000.0000000000,0.1800000000,60,2285.4084684398
SYN-000798,2025-11-30,Scenario A,71750.0000000000,0.1200000000,60,1596.0391213917
SYN-000799,2025-03-31,Scenario B,51500.0000000000,0.1200000000,48,1356.1925247443
SYN-000800,2025-05-31,Scenario A,74250.0000000000,0.0600000000,48,1743.7634068092
SYN-000801,2025-08-31,Scenario A,35000.0000000000,0.1200000000,36,1162.5008434498
SYN-000802,2025-04-30,Scenario A,94000.0000000000,0.1800000000,48,2761.2499631672
SYN-000803,2025-05-31,Scenario B,92250.0000000000,0.1800000000,36,3335.0584881883
SYN-000804,2024-08-31,Scenario C,87750.0000000000,0.1200000000,60,1951.9502843501
SYN-000805,2025-03-31,Scenario B,51750.0000000000,0.0000000000,48,1078.1250000000
SYN-000806,2024-10-31,Scenario B,72500.0000000000,0.1200000000,60,1612.7224571554
SYN-000807,2024-10-31,Scenario B,7500.0000000000,0.0600000000,48,176.1377178595
SYN-000808,2025-05-31,Scenario A,72500.0000000000,0.0600000000,36,2205.5904652377
SYN-000809,2025-07-31,Scenario B,82500.0000000000,0.1200000000,60,1835.1669340044
SYN-000810,2025-06-30,Scenario B,93750.0000000000,0.1800000000,48,2753.9062132652
SYN-000811,2025-09-30,Scenario A,9750.0000000000,0.1800000000,48,286.4062461796
SYN-000812,2025-12-31,Scenario A,58750.0000000000,0.0000000000,48,1223.9583333333
SYN-000813,2026-01-31,Scenario C,30500.0000000000,0.1800000000,36,1102.6480638455
SYN-000814,2024-11-30,Scenario A,86750.0000000000,0.1200000000,60,1929.7058366652
SYN-000815,2024-11-30,Scenario C,14000.0000000000,0.1200000000,36,465.0003373799
SYN-000816,2025-04-30,Scenario B,74250.0000000000,0.0600000000,36,2258.8288557780
SYN-000817,2026-01-31,Scenario B,77000.0000000000,0.1800000000,48,2261.8749698285
SYN-000818,2025-11-30,Scenario B,60750.0000000000,0.0000000000,60,1012.5000000000
SYN-000819,2025-08-31,Scenario A,58000.0000000000,0.0000000000,60,966.6666666667
SYN-000820,2025-01-31,Scenario C,33500.0000000000,0.0600000000,48,786.7484731058
SYN-000821,2025-07-31,Scenario A,40750.0000000000,0.1200000000,60,906.4612431597
SYN-000822,2025-08-31,Scenario C,51750.0000000000,0.0600000000,36,1574.3352631180
SYN-000823,2025-09-30,Scenario C,75250.0000000000,0.1800000000,48,2210.4687205142
SYN-000824,2025-08-31,Scenario C,66000.0000000000,0.0600000000,36,2007.8478718026
SYN-000825,2025-12-31,Scenario C,96000.0000000000,0.0000000000,36,2666.6666666667
SYN-000826,2025-12-31,Scenario B,76000.0000000000,0.1200000000,60,1690.5780240525
SYN-000827,2025-06-30,Scenario C,94750.0000000000,0.1800000000,48,2783.2812128734
SYN-000828,2026-01-31,Scenario C,69750.0000000000,0.0600000000,48,1638.0807760935
SYN-000829,2025-05-31,Scenario A,27500.0000000000,0.0600000000,48,645.8382988182
SYN-000830,2024-09-30,Scenario C,93250.0000000000,0.1800000000,60,2367.9371075779
SYN-000831,2025-12-31,Scenario B,11250.0000000000,0.0000000000,48,234.3750000000
SYN-000832,2025-12-31,Scenario B,73250.0000000000,0.1800000000,48,2151.7187212979
SYN-000833,2024-10-31,Scenario B,57750.0000000000,0.1200000000,60,1284.6168538031
SYN-000834,2024-09-30,Scenario A,40750.0000000000,0.1800000000,48,1197.0312340326
SYN-000835,2026-01-31,Scenario A,20750.0000000000,0.1200000000,60,461.5722894617
SYN-000836,2025-11-30,Scenario B,75750.0000000000,0.0600000000,36,2304.4617619553
SYN-000837,2026-02-28,Scenario A,37250.0000000000,0.1200000000,60,828.6056762626
SYN-000838,2025-12-31,Scenario A,69250.0000000000,0.0000000000,36,1923.6111111111
SYN-000839,2025-10-31,Scenario A,14750.0000000000,0.1800000000,36,533.2478341548
SYN-000840,2025-12-31,Scenario A,58000.0000000000,0.0600000000,60,1121.3024887068
SYN-000841,2024-10-31,Scenario B,33250.0000000000,0.0600000000,48,780.8772158439
SYN-000842,2025-05-31,Scenario B,16500.0000000000,0.0000000000,36,458.3333333333
SYN-000843,2025-08-31,Scenario A,16750.0000000000,0.1200000000,60,372.5944987221
SYN-000844,2024-09-30,Scenario B,98000.0000000000,0.1800000000,48,2878.7499615999
SYN-000845,2025-07-31,Scenario C,94750.0000000000,0.0600000000,48,2225.2065022919
SYN-000846,2024-08-31,Scenario C,95750.0000000000,0.0000000000,60,1595.8333333333
SYN-000847,2024-08-31,Scenario A,76500.0000000000,0.0600000000,60,1478.9593170012
SYN-000848,2024-08-31,Scenario B,39750.0000000000,0.1200000000,36,1320.2688150608
SYN-000849,2025-03-31,Scenario A,49250.0000000000,0.1800000000,48,1446.7187307020
SYN-000850,2025-07-31,Scenario B,19250.0000000000,0.0000000000,48,401.0416666667
SYN-000851,2026-02-28,Scenario A,53250.0000000000,0.1200000000,36,1768.6619975343
SYN-000852,2025-12-31,Scenario A,64750.0000000000,0.0000000000,36,1798.6111111111
SYN-000853,2025-05-31,Scenario A,68500.0000000000,0.1800000000,48,2012.1874731591
SYN-000854,2024-10-31,Scenario A,73500.0000000000,0.0600000000,36,2236.0124026893
SYN-000855,2025-11-30,Scenario C,29250.0000000000,0.0000000000,60,487.5000000000
SYN-000856,2026-02-28,Scenario B,26250.0000000000,0.1200000000,60,583.9167517287
SYN-000857,2026-01-31,Scenario A,62000.0000000000,0.0600000000,36,1886.1601219964
SYN-000858,2024-12-31,Scenario B,36500.0000000000,0.1800000000,36,1319.5624370610
SYN-000859,2025-11-30,Scenario A,74500.0000000000,0.0000000000,60,1241.6666666667
SYN-000860,2025-01-31,Scenario B,35000.0000000000,0.1800000000,60,888.7699599488
SYN-000861,2025-06-30,Scenario B,65750.0000000000,0.1200000000,36,2183.8408701950
SYN-000862,2025-10-31,Scenario B,77250.0000000000,0.1200000000,48,2034.2887871164
SYN-000863,2025-12-31,Scenario B,51000.0000000000,0.1800000000,48,1498.1249800163
SYN-000864,2024-12-31,Scenario A,92000.0000000000,0.0000000000,60,1533.3333333333
SYN-000865,2025-09-30,Scenario B,96750.0000000000,0.0000000000,60,1612.5000000000
SYN-000866,2025-11-30,Scenario C,30000.0000000000,0.0000000000,36,833.3333333333
SYN-000867,2025-12-31,Scenario A,97000.0000000000,0.0600000000,36,2950.9279328008
SYN-000868,2025-12-31,Scenario A,50750.0000000000,0.1200000000,48,1336.4421481703
SYN-000869,2025-08-31,Scenario C,72750.0000000000,0.0600000000,48,1708.5358632373
SYN-000870,2026-01-31,Scenario A,75750.0000000000,0.0000000000,48,1578.1250000000
SYN-000871,2025-11-30,Scenario A,46750.0000000000,0.0000000000,48,973.9583333333
SYN-000872,2024-09-30,Scenario C,81000.0000000000,0.1800000000,48,2379.3749682611
SYN-000873,2025-03-31,Scenario B,97750.0000000000,0.0000000000,60,1629.1666666667
SYN-000874,2024-09-30,Scenario A,23750.0000000000,0.1800000000,48,697.6562406939
SYN-000875,2025-01-31,Scenario A,78750.0000000000,0.0000000000,60,1312.5000000000
SYN-000876,2025-07-31,Scenario A,21500.0000000000,0.1800000000,48,631.5624915755
SYN-000877,2025-04-30,Scenario B,71750.0000000000,0.0000000000,60,1195.8333333333
SYN-000878,2024-09-30,Scenario A,40750.0000000000,0.1800000000,36,1473.2101180886
SYN-000879,2025-11-30,Scenario B,90000.0000000000,0.0600000000,36,2737.9743706400
SYN-000880,2025-02-28,Scenario B,27000.0000000000,0.1800000000,48,793.1249894204
SYN-000881,2025-07-31,Scenario A,54250.0000000000,0.1800000000,36,1961.2674578235
SYN-000882,2025-04-30,Scenario A,22500.0000000000,0.0600000000,48,528.4131535786
SYN-000883,2024-12-31,Scenario A,18250.0000000000,0.0000000000,36,506.9444444444
SYN-000884,2025-02-28,Scenario C,82750.0000000000,0.1800000000,48,2430.7812175754
SYN-000885,2025-05-31,Scenario B,34000.0000000000,0.0000000000,60,566.6666666667
SYN-000886,2025-07-31,Scenario B,18250.0000000000,0.0600000000,36,555.2003584909
SYN-000887,2025-09-30,Scenario B,80250.0000000000,0.0000000000,48,1671.8750000000
SYN-000888,2024-08-31,Scenario A,15750.0000000000,0.1800000000,48,462.6562438286
SYN-000889,2025-04-30,Scenario A,98250.0000000000,0.1200000000,60,2185.5169850416
SYN-000890,2025-04-30,Scenario C,67250.0000000000,0.0600000000,48,1579.3682034737
SYN-000891,2026-01-31,Scenario B,53000.0000000000,0.0600000000,60,1024.6384810597
SYN-000892,2025-02-28,Scenario A,53000.0000000000,0.1800000000,36,1916.0769634036
SYN-000893,2026-01-31,Scenario A,91750.0000000000,0.0600000000,60,1773.7845403250
SYN-000894,2025-01-31,Scenario A,20500.0000000000,0.1800000000,36,741.1241084863
SYN-000895,2025-10-31,Scenario A,83000.0000000000,0.1800000000,48,2438.1249674775
SYN-000896,2025-04-30,Scenario A,15000.0000000000,0.0000000000,60,250.0000000000
SYN-000897,2024-09-30,Scenario A,66750.0000000000,0.0000000000,48,1390.6250000000
SYN-000898,2024-11-30,Scenario A,92250.0000000000,0.0600000000,48,2166.4939296721
SYN-000899,2024-12-31,Scenario A,96250.0000000000,0.1800000000,60,2444.1173898593
SYN-000900,2025-02-28,Scenario A,54750.0000000000,0.0600000000,48,1285.8053403745
SYN-000901,2025-05-31,Scenario A,64750.0000000000,0.1200000000,48,1705.1158442173
SYN-000902,2026-02-28,Scenario A,17250.0000000000,0.1800000000,48,506.7187432408
SYN-000903,2025-04-30,Scenario C,97750.0000000000,0.0600000000,48,2295.6615894357
SYN-000904,2025-09-30,Scenario B,15250.0000000000,0.0600000000,60,294.8252233238
SYN-000905,2025-11-30,Scenario A,12750.0000000000,0.0000000000,60,212.5000000000
SYN-000906,2025-12-31,Scenario A,66500.0000000000,0.1800000000,36,2404.1343031385
SYN-000907,2024-12-31,Scenario B,33000.0000000000,0.1800000000,48,969.3749870694
SYN-000908,2026-01-31,Scenario C,60250.0000000000,0.0000000000,36,1673.6111111111
SYN-000909,2025-12-31,Scenario B,58000.0000000000,0.0000000000,36,1611.1111111111
SYN-000910,2026-01-31,Scenario A,96000.0000000000,0.0000000000,48,2000.0000000000
SYN-000911,2026-02-28,Scenario A,56000.0000000000,0.1800000000,36,2024.5341500113
SYN-000912,2026-02-28,Scenario A,90000.0000000000,0.0600000000,36,2737.9743706400
SYN-000913,2025-03-31,Scenario C,92750.0000000000,0.0600000000,36,2821.6346986317
SYN-000914,2025-09-30,Scenario B,19000.0000000000,0.1800000000,60,482.4751211151
SYN-000915,2025-11-30,Scenario B,95500.0000000000,0.0600000000,60,1846.2825460604
SYN-000916,2024-09-30,Scenario C,58250.0000000000,0.0000000000,60,970.8333333333
SYN-000917,2025-02-28,Scenario C,13500.0000000000,0.0600000000,60,260.9928206473
SYN-000918,2025-07-31,Scenario B,59500.0000000000,0.1800000000,36,2151.0675343871
SYN-000919,2025-07-31,Scenario A,12500.0000000000,0.1800000000,60,317.4178428389
SYN-000920,2025-02-28,Scenario C,67500.0000000000,0.0600000000,48,1585.2394607357
SYN-000921,2025-01-31,Scenario B,49500.0000000000,0.0000000000,48,1031.2500000000
SYN-000922,2025-04-30,Scenario C,56750.0000000000,0.0000000000,60,945.8333333333
SYN-000923,2025-03-31,Scenario B,10250.0000000000,0.0600000000,48,240.7215477413
SYN-000924,2024-10-31,Scenario B,77250.0000000000,0.1800000000,48,2269.2187197305
SYN-000925,2025-02-28,Scenario B,67500.0000000000,0.1800000000,36,2440.2866986744
SYN-000926,2025-04-30,Scenario B,20000.0000000000,0.0600000000,36,608.4387490311
SYN-000927,2025-11-30,Scenario A,27000.0000000000,0.1800000000,60,685.6225405319
SYN-000928,2024-08-31,Scenario B,77000.0000000000,0.0600000000,48,1808.3472366910
SYN-000929,2024-11-30,Scenario B,60750.0000000000,0.1800000000,48,1784.5312261959
SYN-000930,2025-05-31,Scenario A,37750.0000000000,0.0600000000,36,1148.4281387962
SYN-000931,2025-09-30,Scenario A,65000.0000000000,0.0600000000,36,1977.4259343511
SYN-000932,2026-01-31,Scenario A,82250.0000000000,0.0000000000,60,1370.8333333333
SYN-000933,2025-07-31,Scenario A,24000.0000000000,0.1800000000,36,867.6574928620
SYN-000934,2024-12-31,Scenario A,60500.0000000000,0.1800000000,36,2187.2199299230
SYN-000935,2026-01-31,Scenario A,77500.0000000000,0.1800000000,48,2276.5624696326
SYN-000936,2025-03-31,Scenario B,17500.0000000000,0.1800000000,60,444.3849799744
SYN-000937,2025-04-30,Scenario A,43500.0000000000,0.1800000000,60,1104.6140930792
SYN-000938,2024-08-31,Scenario B,5750.0000000000,0.0600000000,36,174.9261403464
SYN-000939,2025-09-30,Scenario A,13250.0000000000,0.0000000000,48,276.0416666667
SYN-000940,2024-10-31,Scenario A,55250.0000000000,0.1200000000,36,1835.0906171600
SYN-000941,2024-08-31,Scenario B,50250.0000000000,0.1800000000,48,1476.0937303102
SYN-000942,2025-10-31,Scenario B,80000.0000000000,0.0600000000,36,2433.7549961244
SYN-000943,2026-01-31,Scenario A,47000.0000000000,0.0600000000,36,1429.8310602231
SYN-000944,2025-11-30,Scenario B,12250.0000000000,0.0000000000,48,255.2083333333
SYN-000945,2025-10-31,Scenario B,97000.0000000000,0.0000000000,36,2694.4444444444
SYN-000946,2025-09-30,Scenario B,51750.0000000000,0.0600000000,60,1000.4724791479
SYN-000947,2026-02-28,Scenario B,58750.0000000000,0.1200000000,60,1306.8613014880
SYN-000948,2025-10-31,Scenario B,68750.0000000000,0.1800000000,60,1745.7981356137
SYN-000949,2024-12-31,Scenario C,92500.0000000000,0.1200000000,36,3072.3236576887
SYN-000950,2025-07-31,Scenario A,92250.0000000000,0.0600000000,60,1783.4509410897
SYN-000951,2024-10-31,Scenario A,57500.0000000000,0.1200000000,60,1279.0557418819
SYN-000952,2026-01-31,Scenario C,91000.0000000000,0.1800000000,36,3289.8679937684
SYN-000953,2025-08-31,Scenario C,73000.0000000000,0.1800000000,48,2144.3749713958
SYN-000954,2025-12-31,Scenario A,9750.0000000000,0.1200000000,48,256.7548954613
SYN-000955,2024-10-31,Scenario A,48750.0000000000,0.1200000000,36,1619.1976033765
SYN-000956,2024-08-31,Scenario A,53750.0000000000,0.1800000000,48,1578.9062289387
SYN-000957,2025-10-31,Scenario B,20000.0000000000,0.0600000000,60,386.6560305886
SYN-000958,2025-11-30,Scenario B,19500.0000000000,0.0600000000,48,457.9580664347
SYN-000959,2024-12-31,Scenario B,53750.0000000000,0.0000000000,36,1493.0555555556
SYN-000960,2025-12-31,Scenario B,73000.0000000000,0.1800000000,36,2639.1248741219
SYN-000961,2024-08-31,Scenario B,42500.0000000000,0.1200000000,36,1411.6081670462
SYN-000962,2024-12-31,Scenario C,96500.0000000000,0.0000000000,48,2010.4166666667
SYN-000963,2025-06-30,Scenario A,32750.0000000000,0.1200000000,48,862.4331103956
SYN-000964,2026-02-28,Scenario B,47500.0000000000,0.0000000000,60,791.6666666667
SYN-000965,2025-09-30,Scenario A,26500.0000000000,0.1200000000,60,589.4778636499
SYN-000966,2025-06-30,Scenario B,70750.0000000000,0.0000000000,36,1965.2777777778
SYN-000967,2024-10-31,Scenario A,80500.0000000000,0.1800000000,36,2910.2678406413
SYN-000968,2026-01-31,Scenario C,85000.0000000000,0.0600000000,60,1643.2881300014
SYN-000969,2025-03-31,Scenario A,46500.0000000000,0.1800000000,48,1365.9374817795
SYN-000970,2025-02-28,Scenario A,83000.0000000000,0.1200000000,36,2756.7877144666
SYN-000971,2024-10-31,Scenario A,63000.0000000000,0.0000000000,36,1750.0000000000
SYN-000972,2024-08-31,Scenario A,16250.0000000000,0.1800000000,36,587.4764274586
SYN-000973,2025-07-31,Scenario A,34000.0000000000,0.0000000000,36,944.4444444444
SYN-000974,2025-11-30,Scenario B,28000.0000000000,0.1200000000,60,622.8445351772
SYN-000975,2024-08-31,Scenario B,12500.0000000000,0.0000000000,48,260.4166666667
SYN-000976,2025-02-28,Scenario B,17000.0000000000,0.1200000000,60,378.1556106433
SYN-000977,2024-09-30,Scenario A,22750.0000000000,0.0600000000,60,439.8212347945
SYN-000978,2025-04-30,Scenario B,91750.0000000000,0.1200000000,48,2416.1294008794
SYN-000979,2024-08-31,Scenario B,99000.0000000000,0.1200000000,60,2202.2003208053
SYN-000980,2025-06-30,Scenario A,58250.0000000000,0.0000000000,48,1213.5416666667
SYN-000981,2024-11-30,Scenario C,44250.0000000000,0.0000000000,48,921.8750000000
SYN-000982,2024-12-31,Scenario B,28000.0000000000,0.1200000000,60,622.8445351772
SYN-000983,2025-07-31,Scenario A,55500.0000000000,0.0000000000,48,1156.2500000000
SYN-000984,2025-02-28,Scenario C,5500.0000000000,0.0600000000,60,106.3304084119
SYN-000985,2025-10-31,Scenario A,77250.0000000000,0.1200000000,60,1718.3835836587
SYN-000986,2026-01-31,Scenario B,22750.0000000000,0.0600000000,48,534.2844108405
SYN-000987,2026-01-31,Scenario B,66250.0000000000,0.1800000000,48,1946.0937240407
SYN-000988,2025-11-30,Scenario C,73750.0000000000,0.0000000000,60,1229.1666666667
SYN-000989,2025-09-30,Scenario B,84250.0000000000,0.0000000000,48,1755.2083333333
SYN-000990,2025-06-30,Scenario B,21750.0000000000,0.1800000000,48,638.9062414775
SYN-000991,2026-02-28,Scenario A,18250.0000000000,0.1800000000,48,536.0937428490
SYN-000992,2024-09-30,Scenario A,21750.0000000000,0.1800000000,48,638.9062414775
SYN-000993,2025-01-31,Scenario C,90000.0000000000,0.0000000000,36,2500.0000000000
SYN-000994,2025-03-31,Scenario B,64250.0000000000,0.0000000000,36,1784.7222222222
SYN-000995,2025-10-31,Scenario A,12750.0000000000,0.0000000000,60,212.5000000000
SYN-000996,2024-09-30,Scenario A,11250.0000000000,0.1800000000,36,406.7144497791
SYN-000997,2025-11-30,Scenario B,35000.0000000000,0.0600000000,60,676.6480535300
SYN-000998,2025-06-30,Scenario B,10750.0000000000,0.1200000000,60,239.1278126127
SYN-000999,2025-03-31,Scenario A,51250.0000000000,0.0600000000,36,1559.1242943922
SYN-001000,2025-07-31,Scenario B,9500.0000000000,0.1200000000,36,315.5359432221
SYN-001001,2025-05-31,Scenario B,18000.0000000000,0.0000000000,48,375.0000000000
SYN-001002,2024-12-31,Scenario A,55250.0000000000,0.1200000000,36,1835.0906171600
SYN-001003,2025-04-30,Scenario A,55750.0000000000,0.1800000000,48,1637.6562281550
SYN-001004,2025-10-31,Scenario B,49000.0000000000,0.1200000000,36,1627.5011808297
SYN-001005,2025-04-30,Scenario A,53500.0000000000,0.0000000000,36,1486.1111111111
SYN-001006,2025-02-28,Scenario B,48750.0000000000,0.1200000000,60,1084.4168246390
SYN-001007,2025-06-30,Scenario B,23000.0000000000,0.0600000000,60,444.6544351768
SYN-001008,2024-09-30,Scenario B,92750.0000000000,0.1800000000,36,3353.1346859563
SYN-001009,2025-12-31,Scenario B,99250.0000000000,0.0600000000,60,1918.7805517957
SYN-001010,2025-09-30,Scenario A,20750.0000000000,0.0600000000,60,401.1556317356
SYN-001011,2025-02-28,Scenario B,47000.0000000000,0.0600000000,48,1103.7963652530
SYN-001012,2025-06-30,Scenario B,46500.0000000000,0.0600000000,60,898.9752711184
SYN-001013,2025-07-31,Scenario A,43250.0000000000,0.1200000000,48,1138.9383824309
SYN-001014,2025-02-28,Scenario A,33750.0000000000,0.0000000000,60,562.5000000000
SYN-001015,2025-07-31,Scenario B,29000.0000000000,0.0000000000,48,604.1666666667
SYN-001016,2025-02-28,Scenario A,85000.0000000000,0.1200000000,48,2238.3760117139
SYN-001017,2025-06-30,Scenario B,27750.0000000000,0.0600000000,60,536.4852424416
SYN-001018,2025-07-31,Scenario B,27750.0000000000,0.1800000000,36,1003.2289761217
SYN-001019,2025-03-31,Scenario A,31750.0000000000,0.1800000000,60,806.2413208107
SYN-001020,2026-01-31,Scenario C,50000.0000000000,0.0000000000,48,1041.6666666667
SYN-001021,2024-11-30,Scenario A,67500.0000000000,0.0600000000,36,2053.4807779800
SYN-001022,2025-10-31,Scenario B,11250.0000000000,0.0000000000,60,187.5000000000
SYN-001023,2024-11-30,Scenario B,41250.0000000000,0.0600000000,48,968.7574482273
SYN-001024,2024-09-30,Scenario C,42000.0000000000,0.0000000000,48,875.0000000000
SYN-001025,2025-05-31,Scenario A,22000.0000000000,0.0600000000,60,425.3216336474
SYN-001026,2025-04-30,Scenario B,17250.0000000000,0.0000000000,60,287.5000000000
SYN-001027,2026-02-28,Scenario A,25500.0000000000,0.1800000000,48,749.0624900081
SYN-001028,2025-01-31,Scenario B,99250.0000000000,0.0600000000,48,2330.8891330076
SYN-001029,2026-02-28,Scenario C,52750.0000000000,0.0600000000,48,1238.8352822786
SYN-001030,2024-09-30,Scenario A,91250.0000000000,0.1800000000,48,2680.4687142448
SYN-001031,2026-01-31,Scenario B,81000.0000000000,0.1800000000,48,2379.3749682611
SYN-001032,2026-01-31,Scenario C,56750.0000000000,0.0000000000,48,1182.2916666667
SYN-001033,2025-06-30,Scenario B,21000.0000000000,0.1800000000,48,616.8749917714
SYN-001034,2024-12-31,Scenario A,14750.0000000000,0.0000000000,36,409.7222222222
SYN-001035,2025-08-31,Scenario B,90250.0000000000,0.1200000000,48,2376.6286477315
SYN-001036,2024-08-31,Scenario B,72750.0000000000,0.0600000000,36,2213.1959496006
SYN-001037,2024-11-30,Scenario B,85250.0000000000,0.1800000000,60,2164.7896881610
SYN-001038,2025-09-30,Scenario A,83750.0000000000,0.1200000000,60,1862.9724936105
SYN-001039,2024-10-31,Scenario B,24750.0000000000,0.1800000000,36,894.7717895139
SYN-001040,2025-09-30,Scenario A,37000.0000000000,0.1200000000,36,1228.9294630755
SYN-001041,2025-08-31,Scenario B,39500.0000000000,0.1200000000,36,1311.9652376076
SYN-001042,2025-09-30,Scenario C,94750.0000000000,0.0000000000,36,2631.9444444444
SYN-001043,2024-12-31,Scenario C,56250.0000000000,0.0000000000,48,1171.8750000000
SYN-001044,2025-11-30,Scenario B,69500.0000000000,0.0000000000,36,1930.5555555556
SYN-001045,2024-08-31,Scenario B,38500.0000000000,0.1200000000,60,856.4112358687
SYN-001046,2024-08-31,Scenario A,65750.0000000000,0.0000000000,48,1369.7916666667
SYN-001047,2024-09-30,Scenario A,84000.0000000000,0.1200000000,60,1868.5336055317
SYN-001048,2026-02-28,Scenario B,83500.0000000000,0.1800000000,60,2120.3511901636
SYN-001049,2025-04-30,Scenario B,52500.0000000000,0.0600000000,48,1232.9640250166
SYN-001050,2026-02-28,Scenario B,93250.0000000000,0.1800000000,48,2739.2187134611
SYN-001051,2024-11-30,Scenario A,29250.0000000000,0.1800000000,48,859.2187385387
SYN-001052,2024-09-30,Scenario A,68250.0000000000,0.1800000000,60,1733.1014219002
SYN-001053,2024-10-31,Scenario A,95750.0000000000,0.1200000000,36,3180.2701645805
SYN-001054,2025-06-30,Scenario A,37500.0000000000,0.0600000000,36,1140.8226544333
SYN-001055,2026-01-31,Scenario C,96000.0000000000,0.0600000000,36,2920.5059953493
SYN-001056,2025-07-31,Scenario C,72750.0000000000,0.1200000000,36,2416.3410388849
SYN-001057,2025-05-31,Scenario A,5000.0000000000,0.1800000000,48,146.8749980408
SYN-001058,2025-10-31,Scenario A,41000.0000000000,0.0000000000,60,683.3333333333
SYN-001059,2025-12-31,Scenario C,11250.0000000000,0.1200000000,36,373.6609853946
SYN-001060,2024-10-31,Scenario C,84250.0000000000,0.0600000000,60,1628.7885288543
SYN-001061,2025-02-28,Scenario A,21750.0000000000,0.0600000000,36,661.6771395713
SYN-001062,2025-05-31,Scenario C,13750.0000000000,0.0600000000,48,322.9191494091
SYN-001063,2024-08-31,Scenario A,56500.0000000000,0.0000000000,36,1569.4444444444
SYN-001064,2025-12-31,Scenario C,99750.0000000000,0.0000000000,36,2770.8333333333
SYN-001065,2025-03-31,Scenario B,37250.0000000000,0.1800000000,36,1346.6767337129
SYN-001066,2025-05-31,Scenario A,48250.0000000000,0.1200000000,60,1073.2946007965
SYN-001067,2025-01-31,Scenario B,78000.0000000000,0.0600000000,48,1831.8322657390
SYN-001068,2024-10-31,Scenario B,79250.0000000000,0.1200000000,60,1762.8724790285
SYN-001069,2024-10-31,Scenario B,21750.0000000000,0.0600000000,60,420.4884332651
SYN-001070,2025-12-31,Scenario B,58750.0000000000,0.1200000000,48,1547.1128316258
SYN-001071,2025-06-30,Scenario B,45250.0000000000,0.0000000000,60,754.1666666667
SYN-001072,2025-01-31,Scenario B,8250.0000000000,0.1200000000,60,183.5166934004
SYN-001073,2026-02-28,Scenario C,96250.0000000000,0.0600000000,48,2260.4340458638
SYN-001074,2025-08-31,Scenario B,35250.0000000000,0.0000000000,36,979.1666666667
SYN-001075,2024-12-31,Scenario C,99000.0000000000,0.1200000000,48,2607.0497077608
SYN-001076,2025-08-31,Scenario B,9500.0000000000,0.1200000000,36,315.5359432221
SYN-001077,2025-11-30,Scenario A,61750.0000000000,0.1800000000,36,2232.4104243429
SYN-001078,2025-10-31,Scenario A,31750.0000000000,0.0600000000,48,745.6496722720
SYN-001079,2024-09-30,Scenario B,72750.0000000000,0.0000000000,36,2020.8333333333
SYN-001080,2025-06-30,Scenario A,82250.0000000000,0.1200000000,48,2165.9579642761
SYN-001081,2025-06-30,Scenario A,55750.0000000000,0.0000000000,60,929.1666666667
SYN-001082,2025-05-31,Scenario B,80750.0000000000,0.1200000000,48,2126.4572111282
SYN-001083,2024-12-31,Scenario A,63500.0000000000,0.1200000000,60,1412.5224279913
SYN-001084,2024-10-31,Scenario A,33750.0000000000,0.0600000000,60,652.4820516182
SYN-001085,2025-11-30,Scenario C,57500.0000000000,0.0000000000,48,1197.9166666667
SYN-001086,2024-10-31,Scenario B,16750.0000000000,0.1200000000,36,556.3396893653
SYN-001087,2025-09-30,Scenario A,53750.0000000000,0.1200000000,60,1195.6390630635
SYN-001088,2024-11-30,Scenario B,54500.0000000000,0.1800000000,48,1600.9374786448
SYN-001089,2025-03-31,Scenario A,14000.0000000000,0.1200000000,36,465.0003373799
SYN-001090,2025-02-28,Scenario A,35000.0000000000,0.1800000000,48,1028.1249862857
SYN-001091,2025-01-31,Scenario B,83250.0000000000,0.0000000000,60,1387.5000000000
SYN-001092,2025-12-31,Scenario A,95250.0000000000,0.0000000000,36,2645.8333333333
SYN-001093,2024-11-30,Scenario C,24000.0000000000,0.0600000000,48,563.6406971505
SYN-001094,2025-10-31,Scenario B,99500.0000000000,0.1200000000,36,3304.8238263787
SYN-001095,2025-10-31,Scenario A,36500.0000000000,0.0600000000,60,705.6472558241
SYN-001096,2025-02-28,Scenario B,93250.0000000000,0.0000000000,48,1942.7083333333
SYN-001097,2025-12-31,Scenario A,40750.0000000000,0.0000000000,48,848.9583333333
SYN-001098,2025-06-30,Scenario B,29750.0000000000,0.0000000000,60,495.8333333333
SYN-001099,2025-11-30,Scenario C,78500.0000000000,0.0000000000,48,1635.4166666667
SYN-001100,2025-07-31,Scenario B,39250.0000000000,0.0600000000,36,1194.0610449735
SYN-001101,2024-10-31,Scenario C,28250.0000000000,0.1800000000,48,829.8437389306
SYN-001102,2025-02-28,Scenario B,22750.0000000000,0.0000000000,48,473.9583333333
SYN-001103,2025-10-31,Scenario A,10000.0000000000,0.0000000000,36,277.7777777778
SYN-001104,2025-07-31,Scenario A,41500.0000000000,0.1800000000,36,1500.3244147405
SYN-001105,2025-06-30,Scenario B,54000.0000000000,0.1200000000,36,1793.5727298940
SYN-001106,2025-04-30,Scenario B,19750.0000000000,0.0600000000,48,463.8293236967
SYN-001107,2024-08-31,Scenario A,97500.0000000000,0.0600000000,48,2289.7903321737
SYN-001108,2026-02-28,Scenario A,42250.0000000000,0.0000000000,60,704.1666666667
SYN-001109,2024-12-31,Scenario A,49250.0000000000,0.1200000000,60,1095.5390484814
SYN-001110,2025-07-31,Scenario A,51500.0000000000,0.0000000000,36,1430.5555555556
SYN-001111,2024-11-30,Scenario A,43500.0000000000,0.1800000000,48,1277.8124829551
SYN-001112,2025-05-31,Scenario A,22000.0000000000,0.0000000000,60,366.6666666667
SYN-001113,2025-03-31,Scenario A,97750.0000000000,0.1800000000,48,2871.4062116979
SYN-001114,2024-09-30,Scenario C,12750.0000000000,0.1200000000,48,335.7564017571
SYN-001115,2024-12-31,Scenario A,21750.0000000000,0.0000000000,60,362.5000000000
SYN-001116,2025-11-30,Scenario B,93000.0000000000,0.1200000000,60,2068.7336346959
SYN-001117,2025-04-30,Scenario B,8500.0000000000,0.1200000000,36,282.3216334092
SYN-001118,2025-06-30,Scenario A,73500.0000000000,0.1200000000,60,1634.9669048403
SYN-001119,2025-06-30,Scenario B,25000.0000000000,0.0600000000,36,760.5484362889
SYN-001120,2025-08-31,Scenario C,97000.0000000000,0.1200000000,60,2157.7114254355
SYN-001121,2026-02-28,Scenario A,27250.0000000000,0.0600000000,36,828.9977955549
SYN-001122,2025-04-30,Scenario A,34000.0000000000,0.1800000000,60,863.3765325217
SYN-001123,2025-05-31,Scenario B,79250.0000000000,0.0600000000,36,2410.9385430357
SYN-001124,2024-12-31,Scenario A,27000.0000000000,0.1800000000,36,976.1146794698
SYN-001125,2025-05-31,Scenario A,57500.0000000000,0.1800000000,36,2078.7627433152
SYN-001126,2025-06-30,Scenario C,65750.0000000000,0.1800000000,60,1669.6178533324
SYN-001127,2024-12-31,Scenario B,61750.0000000000,0.0000000000,60,1029.1666666667
SYN-001128,2024-08-31,Scenario A,63250.0000000000,0.0600000000,36,1924.1875438109
SYN-001129,2025-10-31,Scenario B,76250.0000000000,0.0000000000,48,1588.5416666667
SYN-001130,2025-06-30,Scenario C,23000.0000000000,0.1800000000,48,675.6249909877
SYN-001131,2025-09-30,Scenario B,75750.0000000000,0.1800000000,48,2225.1562203183
SYN-001132,2026-02-28,Scenario C,9250.0000000000,0.1800000000,60,234.8892037008
SYN-001133,2025-06-30,Scenario A,57000.0000000000,0.0000000000,48,1187.5000000000
SYN-001134,2024-10-31,Scenario A,44250.0000000000,0.0600000000,60,855.4764676772
SYN-001135,2025-07-31,Scenario B,72750.0000000000,0.1200000000,36,2416.3410388849
SYN-001136,2025-10-31,Scenario B,53250.0000000000,0.0000000000,48,1109.3750000000
SYN-001137,2025-04-30,Scenario C,87750.0000000000,0.1800000000,60,2228.2732567288
SYN-001138,2024-12-31,Scenario C,87000.0000000000,0.1800000000,48,2555.6249659101
SYN-001139,2025-01-31,Scenario B,99000.0000000000,0.0000000000,60,1650.0000000000
SYN-001140,2026-02-28,Scenario A,47750.0000000000,0.1800000000,48,1402.6562312897
SYN-001141,2025-07-31,Scenario A,31000.0000000000,0.1800000000,48,910.6249878530
SYN-001142,2026-02-28,Scenario B,94500.0000000000,0.0000000000,60,1575.0000000000
SYN-001143,2025-12-31,Scenario C,59250.0000000000,0.1800000000,36,2142.0294355031
SYN-001144,2024-11-30,Scenario A,12750.0000000000,0.0600000000,60,246.4932195002
SYN-001145,2026-01-31,Scenario B,45500.0000000000,0.1200000000,36,1511.2510964847
SYN-001146,2024-12-31,Scenario B,33000.0000000000,0.0600000000,48,775.0059585819
SYN-001147,2025-04-30,Scenario A,90250.0000000000,0.0600000000,60,1744.7853380309
SYN-001148,2025-08-31,Scenario A,63750.0000000000,0.0600000000,36,1939.3985125366
SYN-001149,2024-10-31,Scenario A,63750.0000000000,0.0600000000,60,1232.4660975010
SYN-001150,2024-11-30,Scenario B,14000.0000000000,0.1200000000,60,311.4222675886
SYN-001151,2024-08-31,Scenario B,5000.0000000000,0.0000000000,48,104.1666666667
SYN-001152,2024-09-30,Scenario A,57750.0000000000,0.1200000000,36,1918.1263916922
SYN-001153,2024-09-30,Scenario B,33000.0000000000,0.1200000000,48,869.0165692536
SYN-001154,2025-05-31,Scenario A,11750.0000000000,0.0000000000,36,326.3888888889
SYN-001155,2024-09-30,Scenario B,78250.0000000000,0.0000000000,36,2173.6111111111
SYN-001156,2024-12-31,Scenario A,41500.0000000000,0.1800000000,36,1500.3244147405
SYN-001157,2026-02-28,Scenario B,99500.0000000000,0.1800000000,48,2922.8124610121
SYN-001158,2024-12-31,Scenario B,31500.0000000000,0.1200000000,36,1046.2507591048
SYN-001159,2025-09-30,Scenario A,89000.0000000000,0.1800000000,60,2260.0150410127
SYN-001160,2025-08-31,Scenario C,78500.0000000000,0.0600000000,60,1517.6249200601
SYN-001161,2025-10-31,Scenario C,23750.0000000000,0.1800000000,36,858.6193939780
SYN-001162,2026-01-31,Scenario A,97750.0000000000,0.1800000000,36,3533.8966636359
SYN-001163,2025-12-31,Scenario A,94000.0000000000,0.1800000000,36,3398.3251803762
SYN-001164,2024-10-31,Scenario A,23750.0000000000,0.1800000000,60,603.0939013938
SYN-001165,2025-03-31,Scenario A,40250.0000000000,0.1200000000,60,895.3390193173
SYN-001166,2025-11-30,Scenario C,29000.0000000000,0.0000000000,48,604.1666666667
SYN-001167,2025-07-31,Scenario B,90500.0000000000,0.1800000000,48,2658.4374645387
SYN-001168,2025-09-30,Scenario A,20250.0000000000,0.0000000000,36,562.5000000000
SYN-001169,2026-01-31,Scenario B,43750.0000000000,0.0600000000,60,845.8100669125
SYN-001170,2025-09-30,Scenario C,82250.0000000000,0.0000000000,48,1713.5416666667
SYN-001171,2026-01-31,Scenario A,44250.0000000000,0.1800000000,36,1599.7435024643
SYN-001172,2025-06-30,Scenario C,47500.0000000000,0.1200000000,48,1250.8571830166
SYN-001173,2025-09-30,Scenario B,8250.0000000000,0.1800000000,48,242.3437467673
SYN-001174,2026-01-31,Scenario C,72500.0000000000,0.1200000000,48,1909.2030688148
SYN-001175,2025-05-31,Scenario A,28000.0000000000,0.0000000000,60,466.6666666667
SYN-001176,2024-08-31,Scenario A,66750.0000000000,0.1200000000,60,1484.8168829672
SYN-001177,2025-06-30,Scenario A,34000.0000000000,0.1800000000,48,998.7499866775
SYN-001178,2024-12-31,Scenario C,52000.0000000000,0.0000000000,36,1444.4444444444
SYN-001179,2025-11-30,Scenario A,90000.0000000000,0.1800000000,36,3253.7155982325
SYN-001180,2026-02-28,Scenario B,84500.0000000000,0.1200000000,36,2806.6091791859
SYN-001181,2024-11-30,Scenario C,87000.0000000000,0.0000000000,36,2416.6666666667
SYN-001182,2025-11-30,Scenario A,39000.0000000000,0.0000000000,60,650.0000000000
SYN-001183,2024-11-30,Scenario B,48500.0000000000,0.1800000000,48,1424.6874809959
SYN-001184,2025-12-31,Scenario C,39000.0000000000,0.0000000000,60,650.0000000000
SYN-001185,2025-02-28,Scenario A,18000.0000000000,0.1200000000,36,597.8575766313
SYN-001186,2025-08-31,Scenario B,81500.0000000000,0.0000000000,60,1358.3333333333
SYN-001187,2024-10-31,Scenario A,21000.0000000000,0.1800000000,48,616.8749917714
SYN-001188,2024-11-30,Scenario C,67000.0000000000,0.0600000000,36,2038.2698092542
SYN-001189,2024-10-31,Scenario C,76250.0000000000,0.1800000000,48,2239.8437201224
SYN-001190,2025-01-31,Scenario A,60500.0000000000,0.1200000000,36,2009.4657436775
SYN-001191,2025-06-30,Scenario C,88000.0000000000,0.1800000000,36,3181.4108071607
SYN-001192,2025-09-30,Scenario B,89250.0000000000,0.1800000000,60,2266.3633978695
SYN-001193,2025-01-31,Scenario C,94500.0000000000,0.1200000000,36,3138.7522773144
SYN-001194,2025-06-30,Scenario B,71500.0000000000,0.0600000000,36,2175.1685277862
SYN-001195,2025-09-30,Scenario B,96500.0000000000,0.1200000000,60,2146.5892015930
SYN-001196,2024-10-31,Scenario A,75500.0000000000,0.0600000000,48,1773.1196931191
SYN-001197,2025-01-31,Scenario A,45750.0000000000,0.1200000000,48,1204.7729710107
SYN-001198,2024-12-31,Scenario A,62250.0000000000,0.1800000000,60,1580.7408573375
SYN-001199,2025-07-31,Scenario C,58000.0000000000,0.0000000000,48,1208.3333333333
SYN-001200,2025-06-30,Scenario A,14250.0000000000,0.1200000000,36,473.3039148331
SYN-001201,2024-10-31,Scenario A,83500.0000000000,0.0000000000,60,1391.6666666667
SYN-001202,2025-11-30,Scenario A,94500.0000000000,0.1800000000,60,2399.6788918618
SYN-001203,2025-06-30,Scenario A,21500.0000000000,0.0600000000,60,415.6552328827
SYN-001204,2025-02-28,Scenario A,67500.0000000000,0.1200000000,60,1501.5002187309
SYN-001205,2025-01-31,Scenario B,57250.0000000000,0.1800000000,60,1453.7737202020
SYN-001206,2025-11-30,Scenario A,58750.0000000000,0.0600000000,60,1135.8020898539
SYN-001207,2025-12-31,Scenario C,16500.0000000000,0.0600000000,60,318.9912252356
SYN-001208,2026-02-28,Scenario C,95500.0000000000,0.1800000000,36,3452.5537736801
SYN-001209,2025-11-30,Scenario A,84000.0000000000,0.1800000000,48,2467.4999670856
SYN-001210,2025-06-30,Scenario B,35250.0000000000,0.0600000000,60,681.4812539123
SYN-001211,2025-01-31,Scenario C,19250.0000000000,0.1200000000,60,428.2056179344
SYN-001212,2025-02-28,Scenario A,57750.0000000000,0.1200000000,48,1520.7789961938
SYN-001213,2024-11-30,Scenario B,10000.0000000000,0.0600000000,60,193.3280152943
SYN-001214,2025-04-30,Scenario A,24250.0000000000,0.1800000000,60,615.7906151074
SYN-001215,2025-03-31,Scenario A,11250.0000000000,0.1800000000,36,406.7144497791
SYN-001216,2026-01-31,Scenario A,87000.0000000000,0.1200000000,36,2889.6449537181
SYN-001217,2025-08-31,Scenario A,91000.0000000000,0.1800000000,48,2673.1249643428
SYN-001218,2025-04-30,Scenario A,54500.0000000000,0.0000000000,60,908.3333333333
SYN-001219,2024-09-30,Scenario A,54000.0000000000,0.1200000000,48,1422.0271133241
SYN-001220,2024-09-30,Scenario C,27250.0000000000,0.0600000000,60,526.8188416769
SYN-001221,2026-01-31,Scenario A,17500.0000000000,0.1800000000,48,514.0624931428
SYN-001222,2025-12-31,Scenario A,65250.0000000000,0.0600000000,36,1985.0314187140
SYN-001223,2025-10-31,Scenario C,77250.0000000000,0.0000000000,48,1609.3750000000
SYN-001224,2025-03-31,Scenario A,28500.0000000000,0.0600000000,36,867.0252173693
SYN-001225,2025-11-30,Scenario A,62500.0000000000,0.1200000000,36,2075.8943633032
SYN-001226,2025-01-31,Scenario A,51250.0000000000,0.0600000000,36,1559.1242943922
SYN-001227,2025-05-31,Scenario B,82500.0000000000,0.0000000000,48,1718.7500000000
SYN-001228,2024-11-30,Scenario C,43000.0000000000,0.1800000000,36,1554.5530080444
SYN-001229,2025-05-31,Scenario C,71750.0000000000,0.0000000000,48,1494.7916666667
SYN-001230,2024-12-31,Scenario B,51500.0000000000,0.1800000000,48,1512.8124798204
SYN-001231,2025-06-30,Scenario A,49500.0000000000,0.1800000000,60,1256.9746576419
SYN-001232,2025-07-31,Scenario B,62500.0000000000,0.1200000000,48,1645.8647144955
SYN-001233,2024-09-30,Scenario C,26250.0000000000,0.0600000000,60,507.4860401475
SYN-001234,2025-08-31,Scenario C,30750.0000000000,0.1200000000,60,684.0167663107
SYN-001235,2025-09-30,Scenario A,81500.0000000000,0.0000000000,60,1358.3333333333
SYN-001236,2024-12-31,Scenario A,31000.0000000000,0.0600000000,36,943.0800609982
SYN-001237,2025-02-28,Scenario C,15750.0000000000,0.1200000000,48,414.7579080529
SYN-001238,2026-01-31,Scenario A,78500.0000000000,0.1200000000,48,2067.2060814063
SYN-001239,2025-05-31,Scenario A,45750.0000000000,0.0600000000,36,1391.8036384086
SYN-001240,2024-12-31,Scenario A,37250.0000000000,0.1200000000,48,980.9353698393
SYN-001241,2025-06-30,Scenario B,42000.0000000000,0.1800000000,48,1233.7499835428
SYN-001242,2025-06-30,Scenario C,99500.0000000000,0.0600000000,48,2336.7603902696
SYN-001243,2025-05-31,Scenario A,68750.0000000000,0.1200000000,48,1810.4511859450
SYN-001244,2024-12-31,Scenario A,36000.0000000000,0.1800000000,48,1057.4999858938
SYN-001245,2025-07-31,Scenario A,69000.0000000000,0.1800000000,60,1752.1464924705
SYN-001246,2024-10-31,Scenario A,52750.0000000000,0.1800000000,48,1549.5312293306
SYN-001247,2025-03-31,Scenario B,13250.0000000000,0.0000000000,60,220.8333333333
SYN-001248,2025-11-30,Scenario B,47000.0000000000,0.1800000000,60,1193.4910890741
SYN-001249,2025-08-31,Scenario C,17500.0000000000,0.0600000000,36,532.3839054022
SYN-001250,2024-08-31,Scenario C,6750.0000000000,0.1200000000,48,177.7533891655
SYN-001251,2024-09-30,Scenario C,9500.0000000000,0.0000000000,60,158.3333333333
SYN-001252,2026-01-31,Scenario B,22750.0000000000,0.1200000000,36,755.6255482424
SYN-001253,2025-01-31,Scenario B,44500.0000000000,0.1200000000,60,989.8779219781
SYN-001254,2025-04-30,Scenario C,27250.0000000000,0.0600000000,60,526.8188416769
SYN-001255,2025-08-31,Scenario C,70000.0000000000,0.1200000000,60,1557.1113379431
SYN-001256,2025-12-31,Scenario A,81000.0000000000,0.1200000000,36,2690.3590948409
SYN-001257,2025-07-31,Scenario C,81000.0000000000,0.0600000000,36,2464.1769335760
SYN-001258,2025-03-31,Scenario B,12750.0000000000,0.0600000000,60,246.4932195002
SYN-001259,2025-05-31,Scenario B,43500.0000000000,0.1800000000,36,1572.6292058124
SYN-001260,2026-02-28,Scenario A,8250.0000000000,0.0600000000,48,193.7514896455
SYN-001261,2026-01-31,Scenario A,85500.0000000000,0.0000000000,48,1781.2500000000
SYN-001262,2024-10-31,Scenario B,38750.0000000000,0.0600000000,60,749.1460592653
SYN-001263,2024-08-31,Scenario A,91000.0000000000,0.1800000000,36,3289.8679937684
SYN-001264,2025-02-28,Scenario B,44500.0000000000,0.0000000000,36,1236.1111111111
SYN-001265,2026-01-31,Scenario A,74750.0000000000,0.1200000000,48,1968.4541985366
SYN-001266,2025-08-31,Scenario A,98000.0000000000,0.1200000000,60,2179.9558731204
SYN-001267,2025-11-30,Scenario A,49000.0000000000,0.1200000000,60,1089.9779365602
SYN-001268,2026-01-31,Scenario C,81000.0000000000,0.0000000000,60,1350.0000000000
SYN-001269,2025-04-30,Scenario B,51250.0000000000,0.0600000000,36,1559.1242943922
SYN-001270,2025-11-30,Scenario B,31500.0000000000,0.0600000000,48,739.7784150100
SYN-001271,2025-02-28,Scenario C,77500.0000000000,0.0600000000,60,1498.2921185307
SYN-001272,2025-04-30,Scenario C,54500.0000000000,0.0000000000,60,908.3333333333
SYN-001273,2024-12-31,Scenario A,87750.0000000000,0.0600000000,60,1696.4533342073
SYN-001274,2025-10-31,Scenario A,95750.0000000000,0.1200000000,36,3180.2701645805
SYN-001275,2024-11-30,Scenario A,75000.0000000000,0.0000000000,48,1562.5000000000
SYN-001276,2024-08-31,Scenario B,94250.0000000000,0.0600000000,60,1822.1165441486
SYN-001277,2025-08-31,Scenario B,31000.0000000000,0.1200000000,60,689.5778782320
SYN-001278,2024-09-30,Scenario A,73250.0000000000,0.1800000000,36,2648.1629730059
SYN-001279,2024-10-31,Scenario A,50500.0000000000,0.0000000000,36,1402.7777777778
SYN-001280,2025-12-31,Scenario C,53000.0000000000,0.1200000000,36,1760.3584200811
SYN-001281,2024-09-30,Scenario B,28500.0000000000,0.1800000000,48,837.1874888326
SYN-001282,2025-06-30,Scenario B,83250.0000000000,0.1800000000,48,2445.4687173795
SYN-001283,2025-07-31,Scenario C,63250.0000000000,0.0600000000,36,1924.1875438109
SYN-001284,2025-08-31,Scenario A,40000.0000000000,0.0600000000,36,1216.8774980622
SYN-001285,2025-05-31,Scenario A,55250.0000000000,0.1800000000,36,1997.4198533594
SYN-001286,2025-07-31,Scenario B,29250.0000000000,0.0000000000,36,812.5000000000
SYN-001287,2024-08-31,Scenario B,75750.0000000000,0.0000000000,36,2104.1666666667
SYN-001288,2024-12-31,Scenario A,94250.0000000000,0.1800000000,36,3407.3632792602
SYN-001289,2025-07-31,Scenario A,88750.0000000000,0.1200000000,60,1974.1947320350
SYN-001290,2024-09-30,Scenario A,7500.0000000000,0.0600000000,48,176.1377178595
SYN-001291,2024-11-30,Scenario B,5500.0000000000,0.0600000000,48,129.1676597636
SYN-001292,2025-06-30,Scenario C,75250.0000000000,0.0600000000,60,1454.7933150895
SYN-001293,2025-07-31,Scenario B,16750.0000000000,0.0000000000,48,348.9583333333
SYN-001294,2025-06-30,Scenario A,20000.0000000000,0.1200000000,36,664.2861962570
SYN-001295,2026-01-31,Scenario B,15250.0000000000,0.0000000000,36,423.6111111111
SYN-001296,2024-09-30,Scenario B,47500.0000000000,0.1200000000,48,1250.8571830166
SYN-001297,2025-06-30,Scenario C,27000.0000000000,0.0600000000,36,821.3923111920
SYN-001298,2025-08-31,Scenario A,72000.0000000000,0.1200000000,36,2391.4303065253
SYN-001299,2025-06-30,Scenario B,80250.0000000000,0.0000000000,48,1671.8750000000
SYN-001300,2025-01-31,Scenario A,65500.0000000000,0.1200000000,36,2175.5372927418
SYN-001301,2024-10-31,Scenario B,11500.0000000000,0.1200000000,36,381.9645628478
SYN-001302,2026-01-31,Scenario A,24500.0000000000,0.1200000000,60,544.9889682801
SYN-001303,2024-10-31,Scenario A,38000.0000000000,0.1200000000,36,1262.1437728883
SYN-001304,2025-09-30,Scenario B,97750.0000000000,0.1200000000,36,3246.6987842062
SYN-001305,2024-09-30,Scenario B,12750.0000000000,0.0000000000,36,354.1666666667
SYN-001306,2025-06-30,Scenario B,90000.0000000000,0.1200000000,60,2002.0002916412
SYN-001307,2025-02-28,Scenario B,80250.0000000000,0.1800000000,60,2037.8225510255
SYN-001308,2024-09-30,Scenario A,39000.0000000000,0.0600000000,60,753.9792596477
SYN-001309,2026-01-31,Scenario A,50500.0000000000,0.0000000000,48,1052.0833333333
SYN-001310,2025-02-28,Scenario B,17250.0000000000,0.0000000000,36,479.1666666667
SYN-001311,2025-10-31,Scenario A,78500.0000000000,0.0000000000,60,1308.3333333333
SYN-001312,2026-01-31,Scenario B,65000.0000000000,0.1200000000,60,1445.8890995186
SYN-001313,2024-09-30,Scenario A,45750.0000000000,0.0000000000,48,953.1250000000
SYN-001314,2025-05-31,Scenario B,75250.0000000000,0.0600000000,36,2289.2507932295
SYN-001315,2025-04-30,Scenario A,35500.0000000000,0.0000000000,48,739.5833333333
SYN-001316,2024-11-30,Scenario B,61750.0000000000,0.0600000000,48,1450.2005437100
SYN-001317,2025-09-30,Scenario A,53750.0000000000,0.1800000000,48,1578.9062289387
SYN-001318,2025-12-31,Scenario B,23750.0000000000,0.0600000000,60,459.1540363239
SYN-001319,2025-02-28,Scenario C,37500.0000000000,0.1800000000,36,1355.7148325969
SYN-001320,2024-10-31,Scenario A,87500.0000000000,0.1800000000,60,2221.9248998720
SYN-001321,2024-12-31,Scenario C,89750.0000000000,0.0000000000,60,1495.8333333333
SYN-001322,2025-02-28,Scenario A,68500.0000000000,0.0000000000,36,1902.7777777778
SYN-001323,2025-05-31,Scenario B,36000.0000000000,0.0000000000,48,750.0000000000
SYN-001324,2024-11-30,Scenario A,13000.0000000000,0.0000000000,48,270.8333333333
SYN-001325,2024-10-31,Scenario C,19000.0000000000,0.1200000000,48,500.3428732066
SYN-001326,2026-02-28,Scenario B,52000.0000000000,0.0600000000,60,1005.3056795303
SYN-001327,2024-11-30,Scenario A,95500.0000000000,0.0600000000,60,1846.2825460604
SYN-001328,2025-12-31,Scenario C,57250.0000000000,0.0600000000,48,1344.5179129943
SYN-001329,2024-08-31,Scenario B,91500.0000000000,0.1800000000,48,2687.8124641468
SYN-001330,2026-01-31,Scenario B,69250.0000000000,0.1200000000,48,1823.6181036610
SYN-001331,2026-01-31,Scenario A,35000.0000000000,0.0600000000,36,1064.7678108044
SYN-001332,2025-11-30,Scenario A,81500.0000000000,0.1200000000,60,1812.9224863195
SYN-001333,2024-09-30,Scenario A,87750.0000000000,0.0000000000,60,1462.5000000000
SYN-001334,2026-02-28,Scenario A,7750.0000000000,0.0600000000,48,182.0089751215
SYN-001335,2024-12-31,Scenario C,26750.0000000000,0.0000000000,36,743.0555555556
SYN-001336,2024-11-30,Scenario B,63750.0000000000,0.0000000000,48,1328.1250000000
SYN-001337,2025-08-31,Scenario B,89250.0000000000,0.1200000000,36,2964.3771507970
SYN-001338,2024-12-31,Scenario A,79500.0000000000,0.1800000000,36,2874.1154451054
SYN-001339,2025-12-31,Scenario C,41500.0000000000,0.1200000000,48,1092.8541704250
SYN-001340,2024-12-31,Scenario B,37500.0000000000,0.1200000000,36,1245.5366179819
SYN-001341,2024-12-31,Scenario C,35750.0000000000,0.0600000000,36,1087.5842638931
SYN-001342,2024-09-30,Scenario A,84000.0000000000,0.1200000000,36,2790.0020242795
SYN-001343,2024-09-30,Scenario A,66750.0000000000,0.0000000000,60,1112.5000000000
SYN-001344,2024-09-30,Scenario C,36000.0000000000,0.1200000000,36,1195.7151532626
SYN-001345,2025-08-31,Scenario B,66750.0000000000,0.0000000000,36,1854.1666666667
SYN-001346,2024-10-31,Scenario B,63500.0000000000,0.1800000000,36,2295.6771165307
SYN-001347,2025-05-31,Scenario C,55250.0000000000,0.0600000000,36,1680.8120441984
SYN-001348,2025-09-30,Scenario A,71500.0000000000,0.0000000000,60,1191.6666666667
SYN-001349,2024-08-31,Scenario B,90750.0000000000,0.1200000000,36,3014.1986155162
SYN-001350,2025-08-31,Scenario C,29000.0000000000,0.1200000000,48,763.6812275259
SYN-001351,2025-06-30,Scenario A,15500.0000000000,0.1800000000,48,455.3124939265
SYN-001352,2025-07-31,Scenario A,9500.0000000000,0.0000000000,60,158.3333333333
SYN-001353,2025-05-31,Scenario A,78500.0000000000,0.0600000000,48,1843.5747802629
SYN-001354,2026-02-28,Scenario C,82000.0000000000,0.1800000000,60,2082.2610490229
SYN-001355,2025-09-30,Scenario B,41000.0000000000,0.0600000000,60,792.6448627065
SYN-001356,2024-10-31,Scenario B,82750.0000000000,0.1200000000,60,1840.7280459256
SYN-001357,2026-02-28,Scenario B,38500.0000000000,0.1800000000,48,1130.9374849142
SYN-001358,2026-01-31,Scenario A,5500.0000000000,0.0000000000,36,152.7777777778
SYN-001359,2025-09-30,Scenario A,80500.0000000000,0.1800000000,60,2044.1709078823
SYN-001360,2024-11-30,Scenario A,81250.0000000000,0.1800000000,60,2063.2159784526
SYN-001361,2024-09-30,Scenario A,28500.0000000000,0.0000000000,60,475.0000000000
SYN-001362,2025-09-30,Scenario C,84750.0000000000,0.1200000000,60,1885.2169412954
SYN-001363,2025-06-30,Scenario B,42250.0000000000,0.0000000000,48,880.2083333333
SYN-001364,2025-01-31,Scenario B,59250.0000000000,0.0000000000,48,1234.3750000000
SYN-001365,2024-08-31,Scenario A,57500.0000000000,0.0000000000,36,1597.2222222222
SYN-001366,2026-02-28,Scenario A,32750.0000000000,0.0600000000,60,633.1492500888
SYN-001367,2024-10-31,Scenario B,58750.0000000000,0.0600000000,60,1135.8020898539
SYN-001368,2025-12-31,Scenario C,36250.0000000000,0.0000000000,60,604.1666666667
SYN-001369,2025-10-31,Scenario B,21000.0000000000,0.1200000000,36,697.5005060699
SYN-001370,2025-02-28,Scenario B,65000.0000000000,0.1200000000,36,2158.9301378353
SYN-001371,2025-01-31,Scenario A,32000.0000000000,0.1800000000,60,812.5896776675
SYN-001372,2025-05-31,Scenario A,54500.0000000000,0.0600000000,48,1279.9340831125
SYN-001373,2024-09-30,Scenario C,55250.0000000000,0.1800000000,60,1402.9868653478
SYN-001374,2025-08-31,Scenario B,19500.0000000000,0.0600000000,48,457.9580664347
SYN-001375,2025-01-31,Scenario C,17750.0000000000,0.0000000000,36,493.0555555556
SYN-001376,2025-10-31,Scenario A,7250.0000000000,0.1200000000,48,190.9203068815
SYN-001377,2025-05-31,Scenario B,40250.0000000000,0.0600000000,48,945.2724191794
SYN-001378,2025-03-31,Scenario A,19000.0000000000,0.0000000000,60,316.6666666667
SYN-001379,2025-02-28,Scenario A,44000.0000000000,0.1800000000,48,1292.4999827591
SYN-001380,2025-08-31,Scenario B,85000.0000000000,0.1200000000,36,2823.2163340924
SYN-001381,2025-02-28,Scenario A,54750.0000000000,0.1800000000,60,1390.2901516342
SYN-001382,2025-12-31,Scenario B,24500.0000000000,0.1800000000,36,885.7336906300
SYN-001383,2025-11-30,Scenario A,7250.0000000000,0.1200000000,48,190.9203068815
SYN-001384,2025-09-30,Scenario A,37500.0000000000,0.0000000000,60,625.0000000000
SYN-001385,2025-03-31,Scenario A,95750.0000000000,0.1800000000,36,3461.5918725640
SYN-001386,2024-11-30,Scenario A,78750.0000000000,0.1800000000,48,2313.2812191428
SYN-001387,2025-06-30,Scenario A,72750.0000000000,0.1200000000,48,1915.7865276727
SYN-001388,2025-03-31,Scenario A,16500.0000000000,0.1800000000,48,484.6874935347
SYN-001389,2024-08-31,Scenario C,43000.0000000000,0.1200000000,60,956.5112504508
SYN-001390,2025-01-31,Scenario A,8750.0000000000,0.1200000000,60,194.6389172429
SYN-001391,2025-03-31,Scenario C,95500.0000000000,0.1800000000,48,2805.3124625795
SYN-001392,2025-11-30,Scenario B,49000.0000000000,0.1200000000,60,1089.9779365602
SYN-001393,2025-03-31,Scenario B,69750.0000000000,0.0000000000,48,1453.1250000000
SYN-001394,2024-08-31,Scenario B,89750.0000000000,0.0600000000,36,2730.3688862771
SYN-001395,2025-09-30,Scenario B,21000.0000000000,0.0000000000,48,437.5000000000
SYN-001396,2025-12-31,Scenario A,71500.0000000000,0.1800000000,48,2100.3124719836
SYN-001397,2025-07-31,Scenario B,95250.0000000000,0.1200000000,36,3163.6630096741
SYN-001398,2025-06-30,Scenario A,77250.0000000000,0.0600000000,36,2350.0946681326
SYN-001399,2024-12-31,Scenario A,60250.0000000000,0.0600000000,36,1832.9217314562
SYN-001400,2026-02-28,Scenario C,76000.0000000000,0.0600000000,60,1469.2929162365
SYN-001401,2025-10-31,Scenario A,83500.0000000000,0.0600000000,48,1960.9999255026
SYN-001402,2024-11-30,Scenario B,75250.0000000000,0.0000000000,48,1567.7083333333
SYN-001403,2024-12-31,Scenario A,16250.0000000000,0.1800000000,48,477.3437436326
SYN-001404,2025-09-30,Scenario A,54250.0000000000,0.1200000000,48,1428.6105721821
SYN-001405,2025-02-28,Scenario C,35250.0000000000,0.1200000000,36,1170.8044209030
SYN-001406,2025-10-31,Scenario A,44000.0000000000,0.1800000000,60,1117.3108067928
SYN-001407,2025-12-31,Scenario A,37500.0000000000,0.1200000000,60,834.1667881838
SYN-001408,2024-10-31,Scenario A,44250.0000000000,0.0600000000,36,1346.1707322313
SYN-001409,2024-08-31,Scenario A,77750.0000000000,0.1800000000,60,1974.3389824577
SYN-001410,2025-04-30,Scenario A,20750.0000000000,0.1800000000,36,750.1622073703
SYN-001411,2024-09-30,Scenario C,98250.0000000000,0.1200000000,36,3263.3059391126
SYN-001412,2025-01-31,Scenario A,23250.0000000000,0.0000000000,36,645.8333333333
SYN-001413,2025-01-31,Scenario B,45250.0000000000,0.1200000000,48,1191.6060532947
SYN-001414,2025-03-31,Scenario C,55500.0000000000,0.1800000000,60,1409.3352222046
SYN-001415,2026-01-31,Scenario A,85250.0000000000,0.1800000000,36,3081.9917194369
SYN-001416,2025-06-30,Scenario A,82500.0000000000,0.0000000000,36,2291.6666666667
SYN-001417,2025-02-28,Scenario C,26500.0000000000,0.1200000000,60,589.4778636499
SYN-001418,2024-11-30,Scenario A,80000.0000000000,0.1800000000,36,2892.1916428733
SYN-001419,2025-01-31,Scenario B,68750.0000000000,0.0600000000,36,2091.5081997944
SYN-001420,2025-02-28,Scenario C,56000.0000000000,0.1200000000,60,1245.6890703545
SYN-001421,2026-01-31,Scenario B,31000.0000000000,0.0600000000,60,599.3168474123
SYN-001422,2024-12-31,Scenario A,66500.0000000000,0.1200000000,36,2208.7516025546
SYN-001423,2024-10-31,Scenario C,68500.0000000000,0.0000000000,36,1902.7777777778
SYN-001424,2026-02-28,Scenario A,86750.0000000000,0.0000000000,60,1445.8333333333
SYN-001425,2026-02-28,Scenario B,43000.0000000000,0.1800000000,60,1091.9173793657
SYN-001426,2025-08-31,Scenario A,44750.0000000000,0.0600000000,48,1050.9550498951
SYN-001427,2025-06-30,Scenario B,33750.0000000000,0.1800000000,60,857.0281756649
SYN-001428,2025-11-30,Scenario B,33750.0000000000,0.1800000000,48,991.4062367755
SYN-001429,2025-10-31,Scenario C,27250.0000000000,0.0000000000,60,454.1666666667
SYN-001430,2024-09-30,Scenario C,67250.0000000000,0.0600000000,48,1579.3682034737
SYN-001431,2026-02-28,Scenario B,57250.0000000000,0.1200000000,36,1901.5192367857
SYN-001432,2025-10-31,Scenario C,56750.0000000000,0.0000000000,60,945.8333333333
SYN-001433,2025-01-31,Scenario B,28750.0000000000,0.1800000000,60,730.0610385294
SYN-001434,2026-01-31,Scenario A,23250.0000000000,0.0600000000,36,707.3100457487
SYN-001435,2025-01-31,Scenario A,12250.0000000000,0.1200000000,48,322.5894840411
SYN-001436,2024-08-31,Scenario B,66750.0000000000,0.1200000000,36,2217.0551800078
SYN-001437,2026-01-31,Scenario C,41000.0000000000,0.0600000000,60,792.6448627065
SYN-001438,2024-09-30,Scenario B,27500.0000000000,0.1200000000,48,724.1804743780
SYN-001439,2025-11-30,Scenario B,51250.0000000000,0.1200000000,48,1349.6090658863
SYN-001440,2026-01-31,Scenario A,68750.0000000000,0.1200000000,48,1810.4511859450
SYN-001441,2025-04-30,Scenario C,5000.0000000000,0.1200000000,36,166.0715490643
SYN-001442,2025-10-31,Scenario A,62250.0000000000,0.0000000000,60,1037.5000000000
SYN-001443,2024-10-31,Scenario C,84000.0000000000,0.1200000000,36,2790.0020242795
SYN-001444,2025-02-28,Scenario C,35250.0000000000,0.0000000000,48,734.3750000000
SYN-001445,2025-11-30,Scenario B,11250.0000000000,0.1800000000,60,285.6760585550
SYN-001446,2024-09-30,Scenario C,56250.0000000000,0.0600000000,48,1321.0328839464
SYN-001447,2025-01-31,Scenario B,86000.0000000000,0.0000000000,48,1791.6666666667
SYN-001448,2024-10-31,Scenario C,89000.0000000000,0.1200000000,60,1979.7558439563
SYN-001449,2025-01-31,Scenario A,55000.0000000000,0.1800000000,48,1615.6249784489
SYN-001450,2026-01-31,Scenario C,62250.0000000000,0.0600000000,60,1203.4668952069
SYN-001451,2024-09-30,Scenario B,82250.0000000000,0.1800000000,60,2088.6094058797
SYN-001452,2025-02-28,Scenario B,91750.0000000000,0.1200000000,36,3047.4129253291
SYN-001453,2026-01-31,Scenario A,79500.0000000000,0.0600000000,48,1867.0598093109
SYN-001454,2025-10-31,Scenario A,39750.0000000000,0.0000000000,36,1104.1666666667
SYN-001455,2024-10-31,Scenario C,76750.0000000000,0.1200000000,60,1707.2613598162
SYN-001456,2025-12-31,Scenario B,99000.0000000000,0.1200000000,60,2202.2003208053
SYN-001457,2025-11-30,Scenario B,53500.0000000000,0.0000000000,36,1486.1111111111
SYN-001458,2024-08-31,Scenario A,49250.0000000000,0.0600000000,60,952.1404753243
SYN-001459,2025-09-30,Scenario A,75250.0000000000,0.1800000000,36,2720.4677640777
SYN-001460,2024-08-31,Scenario B,86500.0000000000,0.1800000000,60,2196.5314724449
SYN-001461,2024-10-31,Scenario B,76250.0000000000,0.0600000000,60,1474.1261166189
SYN-001462,2025-02-28,Scenario A,89750.0000000000,0.0600000000,60,1735.1189372662
SYN-001463,2025-01-31,Scenario A,86000.0000000000,0.0000000000,48,1791.6666666667
SYN-001464,2025-03-31,Scenario A,47000.0000000000,0.0000000000,48,979.1666666667
SYN-001465,2025-09-30,Scenario B,91750.0000000000,0.1800000000,60,2329.8469664373
SYN-001466,2024-09-30,Scenario B,94750.0000000000,0.0600000000,60,1831.7829449133
SYN-001467,2026-01-31,Scenario C,25250.0000000000,0.1800000000,36,912.8479872819
SYN-001468,2025-01-31,Scenario B,21500.0000000000,0.0000000000,48,447.9166666667
SYN-001469,2025-09-30,Scenario C,56500.0000000000,0.1200000000,36,1876.6085044261
SYN-001470,2025-08-31,Scenario A,83750.0000000000,0.0600000000,36,2547.8372615677
SYN-001471,2024-09-30,Scenario A,28000.0000000000,0.0000000000,36,777.7777777778
SYN-001472,2024-09-30,Scenario B,54500.0000000000,0.0000000000,60,908.3333333333
SYN-001473,2025-06-30,Scenario B,84750.0000000000,0.0000000000,60,1412.5000000000
SYN-001474,2025-01-31,Scenario B,27750.0000000000,0.0600000000,48,651.7095560802
SYN-001475,2025-12-31,Scenario B,57500.0000000000,0.1200000000,60,1279.0557418819
SYN-001476,2026-02-28,Scenario A,41500.0000000000,0.1800000000,60,1053.8272382250
SYN-001477,2025-08-31,Scenario A,84500.0000000000,0.1200000000,48,2225.2090939979
SYN-001478,2025-06-30,Scenario C,68500.0000000000,0.1800000000,36,2476.4390942103
SYN-001479,2024-10-31,Scenario A,67000.0000000000,0.0600000000,36,2038.2698092542
SYN-001480,2026-01-31,Scenario A,46250.0000000000,0.0000000000,36,1284.7222222222
SYN-001481,2025-11-30,Scenario A,65750.0000000000,0.0600000000,36,2000.2423874397
SYN-001482,2024-11-30,Scenario B,34750.0000000000,0.0000000000,36,965.2777777778
SYN-001483,2025-07-31,Scenario B,22500.0000000000,0.1800000000,48,660.9374911836
SYN-001484,2025-03-31,Scenario B,28500.0000000000,0.1800000000,60,723.7126816726
SYN-001485,2025-07-31,Scenario B,84500.0000000000,0.0000000000,60,1408.3333333333
SYN-001486,2026-01-31,Scenario A,45000.0000000000,0.1200000000,36,1494.6439415783
SYN-001487,2026-02-28,Scenario C,28750.0000000000,0.1200000000,36,954.9114071195
SYN-001488,2024-08-31,Scenario B,81250.0000000000,0.0000000000,60,1354.1666666667
SYN-001489,2026-02-28,Scenario B,6250.0000000000,0.1200000000,36,207.5894363303
SYN-001490,2026-02-28,Scenario B,34500.0000000000,0.0600000000,36,1049.5568420787
SYN-001491,2024-09-30,Scenario A,40750.0000000000,0.0600000000,36,1239.6939511509
SYN-001492,2025-01-31,Scenario B,57750.0000000000,0.1200000000,48,1520.7789961938
SYN-001493,2025-07-31,Scenario A,15500.0000000000,0.0000000000,36,430.5555555556
SYN-001494,2025-06-30,Scenario A,31500.0000000000,0.1200000000,48,829.5158161057
SYN-001495,2024-12-31,Scenario C,91500.0000000000,0.0600000000,48,2148.8801578861
SYN-001496,2024-10-31,Scenario B,81250.0000000000,0.1800000000,48,2386.7187181632
SYN-001497,2025-10-31,Scenario C,32000.0000000000,0.0600000000,60,618.6496489417
SYN-001498,2026-01-31,Scenario A,54000.0000000000,0.0600000000,60,1043.9712825891
SYN-001499,2025-07-31,Scenario A,35500.0000000000,0.0000000000,48,739.5833333333
SYN-001500,2025-01-31,Scenario B,68000.0000000000,0.0600000000,36,2068.6917467057
